日期,2021-07-07,2021-07-08,2021-07-09,2021-07-10,2021-07-11,2021-07-12,2021-07-13,2021-07-14,2021-07-15,2021-07-16,2021-07-17,2021-07-18,2021-07-19,2021-07-20,2021-07-21,2021-07-22,2021-07-23,2021-07-24,2021-07-25,2021-07-26,2021-07-27,2021-07-28,2021-07-29,2021-07-30,2021-07-31,2021-08-01,2021-08-02,2021-08-03,2021-08-04,2021-08-05,2021-08-06,2021-08-07,2021-08-08,2021-08-09,2021-08-10,2021-08-11,2021-08-12,2021-08-13,2021-08-14,2021-08-15,2021-08-16,2021-08-17,2021-08-18,2021-08-19,2021-08-20,2021-08-21
00:00:00,,31.11,31.42,31.25,31.45,31.56,31.55,31.52,31.08,30.25,30.16,30.71,31.1,30.67,29.83,30.91,30.46,29.43,29.31,29.59,30.45,31.28,30.21,29.64,28.68,27.76,27.67,27.52,28.12,27.69,27.47,27.53,27.28,26.98,27.95,28.33,29.61,30.02,29.07,29.18,30.4,30.88,31.05,31.04,31.11,31.17
00:05:00,,31.11,31.41,31.24,31.44,31.55,31.54,31.5,31.06,30.24,30.15,30.7,31.1,30.66,29.83,30.9,30.45,29.43,29.32,29.59,30.45,31.28,30.2,29.63,28.67,27.76,27.67,27.52,28.12,27.69,27.47,27.53,27.28,26.98,27.94,28.33,29.6,30.02,29.07,29.18,30.39,30.88,31.04,31.03,31.11,31.16
00:10:00,,31.11,31.41,31.23,31.43,31.55,31.53,31.49,31.06,30.24,30.15,30.69,31.1,30.66,29.83,30.9,30.45,29.42,29.32,29.58,30.45,31.27,30.2,29.62,28.67,27.76,27.67,27.52,28.11,27.69,27.47,27.52,27.28,26.98,27.94,28.32,29.59,30,29.06,29.17,30.38,30.86,31.04,31.03,31.11,31.16
00:15:00,,31.11,31.39,31.22,31.43,31.53,31.52,31.48,31.04,30.23,30.14,30.69,31.1,30.64,29.82,30.89,30.44,29.41,29.32,29.57,30.45,31.26,30.2,29.61,28.66,27.76,27.66,27.51,28.11,27.69,27.47,27.52,27.28,26.98,27.94,28.32,29.59,29.99,29.06,29.17,30.37,30.85,31.03,31.02,31.11,31.15
00:20:00,,31.11,31.38,31.22,31.42,31.52,31.52,31.47,31.04,30.23,30.13,30.68,31.1,30.63,29.81,30.89,30.43,29.4,29.32,29.56,30.45,31.25,30.19,29.61,28.66,27.76,27.67,27.51,28.11,27.69,27.47,27.52,27.28,26.98,27.93,28.31,29.59,29.99,29.05,29.16,30.36,30.84,31.02,31.02,31.11,31.14
00:25:00,,31.11,31.37,31.21,31.41,31.51,31.51,31.46,31.03,30.22,30.13,30.67,31.1,30.62,29.81,30.88,30.41,29.4,29.31,29.56,30.45,31.25,30.19,29.61,28.66,27.76,27.66,27.51,28.11,27.69,27.47,27.53,27.27,26.98,27.93,28.31,29.59,29.98,29.05,29.16,30.36,30.83,31.01,31.01,31.11,31.14
00:30:00,,31.11,31.36,31.2,31.4,31.49,31.5,31.45,31.03,30.22,30.12,30.67,31.1,30.62,29.8,30.88,30.4,29.39,29.3,29.55,30.44,31.25,30.18,29.61,28.65,27.75,27.67,27.51,28.11,27.69,27.47,27.52,27.27,26.98,27.93,28.31,29.57,29.97,29.04,29.16,30.35,30.82,31,31.01,31.11,31.13
00:35:00,,31.11,31.35,31.18,31.38,31.48,31.49,31.44,31.01,30.2,30.11,30.66,31.09,30.61,29.8,30.88,30.39,29.38,29.3,29.55,30.43,31.24,30.18,29.6,28.65,27.75,27.66,27.51,28.11,27.69,27.47,27.52,27.27,26.98,27.93,28.3,29.56,29.97,29.03,29.14,30.35,30.82,30.99,31,31.11,31.12
00:40:00,,31.11,31.34,31.17,31.38,31.47,31.47,31.44,31.01,30.2,30.1,30.66,31.09,30.61,29.79,30.86,30.38,29.38,29.3,29.55,30.42,31.24,30.18,29.6,28.65,27.74,27.66,27.5,28.11,27.69,27.47,27.53,27.27,26.97,27.93,28.3,29.55,29.96,29.02,29.14,30.35,30.81,30.99,30.99,31.11,31.12
00:45:00,,31.11,31.33,31.15,31.37,31.46,31.47,31.43,30.99,30.19,30.09,30.65,31.09,30.6,29.77,30.85,30.37,29.37,29.3,29.54,30.42,31.22,30.18,29.59,28.64,27.74,27.66,27.5,28.11,27.69,27.47,27.53,27.27,26.97,27.92,28.3,29.55,29.95,29.02,29.13,30.34,30.8,30.98,30.99,31.11,31.12
00:50:00,,31.11,31.33,31.14,31.36,31.45,31.46,31.42,30.99,30.18,30.09,30.64,31.09,30.59,29.77,30.84,30.37,29.36,29.29,29.54,30.42,31.22,30.18,29.59,28.64,27.74,27.67,27.5,28.11,27.69,27.47,27.52,27.27,26.97,27.92,28.29,29.54,29.94,29.01,29.13,30.34,30.8,30.96,30.98,31.11,31.12
00:55:00,,31.11,31.32,31.13,31.35,31.44,31.46,31.42,30.98,30.18,30.08,30.63,31.09,30.58,29.76,30.83,30.36,29.35,29.29,29.54,30.41,31.22,30.17,29.59,28.61,27.74,27.66,27.49,28.1,27.69,27.47,27.52,27.27,26.97,27.92,28.28,29.54,29.94,29.01,29.12,30.32,30.78,30.94,30.97,31.1,31.12
01:00:00,,31.1,31.31,31.12,31.34,31.42,31.45,31.41,30.96,30.18,30.08,30.63,31.09,30.58,29.75,30.83,30.35,29.34,29.29,29.54,30.4,31.21,30.16,29.58,28.6,27.74,27.67,27.49,28.1,27.68,27.47,27.52,27.26,26.97,27.92,28.28,29.54,29.94,29.01,29.11,30.31,30.77,30.93,30.96,31.1,31.12
01:05:00,,31.1,31.3,31.12,31.33,31.42,31.44,31.39,30.95,30.16,30.07,30.62,31.09,30.57,29.75,30.82,30.34,29.33,29.28,29.53,30.4,31.21,30.16,29.56,28.6,27.73,27.66,27.49,28.1,27.68,27.47,27.52,27.26,26.97,27.92,28.27,29.53,29.93,29,29.11,30.31,30.77,30.92,30.95,31.1,31.12
01:10:00,,31.1,31.28,31.12,31.33,31.41,31.44,31.38,30.94,30.16,30.07,30.61,31.09,30.56,29.75,30.81,30.32,29.32,29.28,29.53,30.4,31.2,30.16,29.55,28.6,27.73,27.66,27.49,28.09,27.68,27.47,27.52,27.26,26.96,27.91,28.27,29.53,29.92,29,29.1,30.31,30.77,30.91,30.94,31.1,31.12
01:15:00,,31.1,31.28,31.12,31.32,31.39,31.43,31.37,30.93,30.15,30.06,30.61,31.09,30.56,29.74,30.81,30.31,29.32,29.28,29.53,30.39,31.2,30.15,29.54,28.6,27.73,27.66,27.49,28.09,27.68,27.46,27.52,27.26,26.96,27.91,28.26,29.52,29.92,28.99,29.1,30.3,30.75,30.9,30.93,31.1,31.12
01:20:00,,31.1,31.27,31.12,31.31,31.38,31.42,31.37,30.93,30.14,30.05,30.6,31.08,30.56,29.74,30.8,30.31,29.31,29.27,29.53,30.39,31.2,30.15,29.52,28.61,27.73,27.66,27.49,28.09,27.68,27.46,27.52,27.25,26.96,27.91,28.26,29.52,29.91,28.98,29.09,30.29,30.74,30.89,30.92,31.1,31.12
01:25:00,,31.1,31.25,31.12,31.31,31.37,31.42,31.36,30.91,30.13,30.05,30.6,31.08,30.55,29.73,30.79,30.29,29.3,29.27,29.52,30.39,31.18,30.14,29.52,28.61,27.73,27.66,27.49,28.09,27.68,27.46,27.52,27.25,26.97,27.9,28.25,29.51,29.91,28.98,29.08,30.28,30.74,30.88,30.92,31.1,31.11
01:30:00,,31.1,31.25,31.12,31.29,31.36,31.41,31.36,30.91,30.13,30.04,30.59,31.09,30.53,29.73,30.78,30.29,29.3,29.27,29.52,30.38,31.17,30.14,29.52,28.6,27.73,27.66,27.48,28.08,27.68,27.46,27.52,27.25,26.96,27.9,28.25,29.5,29.89,28.98,29.08,30.27,30.73,30.87,30.91,31.1,31.11
01:35:00,,31.1,31.24,31.11,31.27,31.35,31.39,31.35,30.9,30.13,30.04,30.58,31.08,30.53,29.72,30.78,30.27,29.29,29.27,29.52,30.38,31.17,30.13,29.52,28.59,27.73,27.66,27.47,28.08,27.68,27.46,27.52,27.25,26.96,27.9,28.25,29.5,29.89,28.97,29.07,30.27,30.71,30.85,30.9,31.1,31.11
01:40:00,,31.1,31.23,31.11,31.26,31.34,31.39,31.34,30.89,30.12,30.03,30.58,31.07,30.52,29.71,30.77,30.26,29.29,29.27,29.51,30.37,31.15,30.13,29.53,28.58,27.73,27.66,27.47,28.08,27.68,27.46,27.52,27.25,26.96,27.9,28.24,29.5,29.88,28.97,29.07,30.26,30.71,30.84,30.89,31.1,31.11
01:45:00,,31.1,31.22,31.11,31.26,31.33,31.38,31.33,30.89,30.1,30.03,30.57,31.06,30.51,29.71,30.77,30.25,29.28,29.27,29.51,30.37,31.15,30.12,29.53,28.58,27.73,27.66,27.47,28.08,27.68,27.46,27.52,27.25,26.96,27.9,28.24,29.49,29.86,28.96,29.06,30.26,30.7,30.83,30.88,31.09,31.11
01:50:00,,31.1,31.21,31.11,31.24,31.33,31.37,31.33,30.88,30.1,30.02,30.57,31.05,30.51,29.71,30.75,30.24,29.27,29.27,29.5,30.37,31.15,30.12,29.52,28.58,27.73,27.66,27.47,28.07,27.68,27.46,27.52,27.25,26.96,27.89,28.23,29.49,29.86,28.96,29.06,30.25,30.69,30.82,30.88,31.09,31.11
01:55:00,,31.1,31.2,31.11,31.23,31.32,31.36,31.32,30.88,30.09,30.02,30.56,31.04,30.5,29.7,30.74,30.24,29.25,29.27,29.5,30.37,31.14,30.11,29.51,28.57,27.72,27.66,27.47,28.07,27.68,27.46,27.52,27.25,26.96,27.89,28.22,29.48,29.85,28.95,29.05,30.25,30.69,30.82,30.88,31.09,31.11
02:00:00,,31.09,31.2,31.11,31.23,31.31,31.36,31.31,30.87,30.08,30.02,30.55,31.04,30.5,29.7,30.73,30.23,29.24,29.26,29.5,30.36,31.13,30.1,29.51,28.57,27.72,27.66,27.46,28.06,27.68,27.47,27.52,27.24,26.96,27.89,28.22,29.48,29.85,28.95,29.05,30.24,30.68,30.81,30.87,31.09,31.11
02:05:00,,31.1,31.19,31.11,31.22,31.31,31.34,31.31,30.85,30.08,30.01,30.55,31.04,30.49,29.7,30.72,30.21,29.23,29.24,29.5,30.36,31.13,30.09,29.51,28.57,27.72,27.66,27.46,28.06,27.68,27.46,27.52,27.24,26.96,27.89,28.22,29.46,29.85,28.95,29.04,30.24,30.67,30.8,30.86,31.09,31.11
02:10:00,,31.09,31.17,31.11,31.21,31.3,31.34,31.31,30.84,30.07,30.01,30.53,31.03,30.48,29.7,30.72,30.2,29.22,29.24,29.49,30.35,31.12,30.09,29.5,28.57,27.72,27.66,27.45,28.06,27.68,27.46,27.52,27.24,26.95,27.89,28.22,29.46,29.84,28.95,29.03,30.23,30.66,30.78,30.85,31.09
02:15:00,,31.09,31.16,31.1,31.2,31.28,31.33,31.28,30.82,30.07,29.99,30.52,31.02,30.48,29.68,30.71,30.19,29.21,29.23,29.49,30.35,31.12,30.08,29.5,28.56,27.72,27.66,27.45,28.06,27.68,27.47,27.52,27.24,26.95,27.89,28.21,29.45,29.84,28.94,29.02,30.23,30.65,30.77,30.84,31.09
02:20:00,,31.09,31.15,31.11,31.2,31.27,31.33,31.27,30.82,30.06,29.98,30.52,31.01,30.47,29.68,30.71,30.18,29.2,29.22,29.49,30.35,31.12,30.07,29.49,28.55,27.71,27.66,27.45,28.05,27.68,27.47,27.52,27.24,26.94,27.89,28.21,29.44,29.83,28.94,29.01,30.23,30.64,30.77,30.83,31.09
02:25:00,,31.09,31.14,31.1,31.18,31.26,31.32,31.27,30.8,30.06,29.97,30.51,31.01,30.47,29.67,30.7,30.16,29.19,29.23,29.48,30.34,31.12,30.07,29.43,28.55,27.71,27.66,27.45,28.05,27.68,27.47,27.52,27.24,26.94,27.88,28.21,29.44,29.83,28.93,29.01,30.22,30.63,30.74,30.82,31.08
02:30:00,,31.09,31.13,31.1,31.17,31.25,31.31,31.26,30.79,30.05,29.97,30.5,31,30.46,29.67,30.69,30.15,29.18,29.22,29.48,30.34,31.12,30.07,29.4,28.55,27.71,27.66,27.45,28.05,27.68,27.47,27.52,27.24,26.93,27.88,28.2,29.43,29.82,28.92,29,30.21,30.62,30.74,30.81,31.08
02:35:00,,31.09,31.12,31.1,31.15,31.24,31.31,31.25,30.79,30.05,29.96,30.49,30.99,30.46,29.65,30.68,30.15,29.17,29.22,29.48,30.34,31.12,30.07,29.39,28.54,27.71,27.66,27.45,28.05,27.68,27.47,27.52,27.24,26.93,27.88,28.2,29.43,29.82,28.91,29,30.2,30.61,30.73,30.8,31.06
02:40:00,,31.09,31.12,31.1,31.15,31.23,31.3,31.23,30.78,30.04,29.96,30.49,30.99,30.45,29.65,30.68,30.13,29.16,29.22,29.46,30.33,31.12,30.06,29.41,28.54,27.71,27.66,27.45,28.05,27.68,27.47,27.52,27.24,26.92,27.88,28.2,29.43,29.81,28.91,28.99,30.2,30.6,30.72,30.8,31.06
02:45:00,,31.09,31.12,31.1,31.14,31.22,31.28,31.23,30.77,30.03,29.95,30.48,30.99,30.45,29.64,30.67,30.13,29.15,29.22,29.46,30.32,31.12,30.05,29.4,28.54,27.71,27.66,27.44,28.04,27.68,27.47,27.52,27.24,26.92,27.87,28.19,29.42,29.81,28.9,28.98,30.19,30.59,30.71,30.79,31.05
02:50:00,,31.08,31.12,31.1,31.13,31.21,31.28,31.22,30.75,30.03,29.94,30.47,30.98,30.45,29.64,30.66,30.1,29.13,29.21,29.46,30.32,31.12,30.05,29.4,28.54,27.71,27.66,27.44,28.04,27.68,27.47,27.52,27.24,26.92,27.87,28.19,29.41,29.81,28.9,28.98,30.18,30.59,30.69,30.78,31.04
02:55:00,,31.09,31.12,31.1,31.12,31.2,31.27,31.21,30.74,30.03,29.93,30.46,30.97,30.45,29.63,30.66,30.09,29.12,29.21,29.45,30.31,31.11,30.03,29.39,28.54,27.71,27.66,27.43,28.04,27.68,27.47,27.52,27.24,26.92,27.87,28.19,29.41,29.8,28.9,28.97,30.18,30.58,30.68,30.78,31.03
03:00:00,,31.07,31.12,31.09,31.12,31.2,31.26,31.2,30.73,30.02,29.92,30.46,30.96,30.44,29.63,30.65,30.08,29.11,29.21,29.44,30.31,31.11,30.04,29.39,28.53,27.71,27.66,27.42,28.04,27.68,27.47,27.52,27.24,26.91,27.87,28.17,29.4,29.8,28.89,28.97,30.17,30.56,30.68,30.77,31.02
03:05:00,,31.07,31.12,31.09,31.12,31.18,31.26,31.18,30.72,30.02,29.92,30.45,30.95,30.44,29.62,30.64,30.07,29.1,29.2,29.44,30.3,31.11,30.03,29.39,28.53,27.71,27.66,27.43,28.04,27.68,27.47,27.52,27.24,26.91,27.87,28.17,29.4,29.78,28.89,28.96,30.17,30.56,30.66,30.77,31.02
03:10:00,,31.06,31.12,31.09,31.12,31.17,31.25,31.17,30.71,30.01,29.91,30.45,30.94,30.42,29.61,30.63,30.05,29.09,29.2,29.43,30.3,31.11,30.03,29.39,28.53,27.7,27.66,27.44,28.04,27.68,27.47,27.52,27.24,26.91,27.87,28.16,29.4,29.77,28.89,28.95,30.16,30.55,30.65,30.77,31.01
03:15:00,,31.04,31.11,31.09,31.12,31.16,31.24,31.16,30.71,29.99,29.91,30.44,30.94,30.41,29.61,30.63,30.04,29.08,29.19,29.44,30.29,31.11,30.02,29.4,28.53,27.7,27.66,27.43,28.04,27.68,27.47,27.52,27.24,26.91,27.87,28.15,29.39,29.77,28.89,28.95,30.16,30.53,30.63,30.75,31
03:20:00,,31.04,31.11,31.09,31.12,31.15,31.23,31.15,30.69,29.99,29.9,30.43,30.93,30.41,29.6,30.62,30.04,29.07,29.19,29.43,30.29,31.11,30,29.39,28.53,27.7,27.66,27.42,28.03,27.68,27.47,27.52,27.24,26.9,27.86,28.15,29.39,29.76,28.88,28.95,30.15,30.53,30.62,30.74,31
03:25:00,,31.04,31.11,31.08,31.12,31.14,31.22,31.14,30.69,29.99,29.88,30.42,30.92,30.41,29.6,30.61,30.03,29.06,29.18,29.43,30.29,31.11,29.99,29.39,28.52,27.7,27.66,27.41,28.03,27.68,27.47,27.52,27.24,26.9,27.86,28.15,29.38,29.76,28.87,28.94,30.15,30.51,30.61,30.73,30.99
03:30:00,,31.03,31.11,31.07,31.12,31.13,31.22,31.13,30.68,29.98,29.88,30.41,30.91,30.4,29.6,30.61,30.02,29.05,29.18,29.42,30.29,31.11,29.98,29.38,28.52,27.7,27.66,27.4,28.03,27.67,27.47,27.52,27.24,26.9,27.85,28.15,29.38,29.75,28.87,28.94,30.15,30.51,30.6,30.72,30.98
03:35:00,,31.02,31.11,31.06,31.11,31.12,31.22,31.12,30.67,29.98,29.87,30.4,30.91,30.4,29.6,30.6,29.99,29.05,29.18,29.42,30.28,31.11,29.96,29.38,28.52,27.7,27.66,27.39,28.03,27.67,27.47,27.52,27.24,26.9,27.84,28.14,29.37,29.75,28.86,28.92,30.14,30.5,30.59,30.72,30.97
03:40:00,,31.01,31.11,31.05,31.11,31.12,31.21,31.12,30.66,29.97,29.86,30.39,30.9,30.39,29.59,30.59,29.98,29.03,29.17,29.41,30.28,31.11,29.96,29.38,28.52,27.7,27.66,27.39,28.03,27.67,27.47,27.52,27.24,26.9,27.84,28.14,29.37,29.74,28.86,28.92,30.14,30.49,30.58,30.71,30.96
03:45:00,,31.01,31.11,31.04,31.11,31.12,31.2,31.12,30.65,29.96,29.86,30.39,30.89,30.39,29.59,30.58,29.97,29.02,29.17,29.41,30.28,31.11,29.95,29.38,28.52,27.69,27.66,27.39,28.02,27.67,27.47,27.52,27.24,26.9,27.84,28.14,29.35,29.74,28.85,28.9,30.13,30.48,30.57,30.7,30.95
03:50:00,,31,31.11,31.04,31.11,31.12,31.19,31.12,30.64,29.96,29.85,30.38,30.89,30.38,29.59,30.57,29.96,29,29.17,29.41,30.27,31.1,29.95,29.38,28.51,27.69,27.66,27.4,28.02,27.67,27.47,27.52,27.24,26.9,27.84,28.13,29.34,29.73,28.85,28.9,30.13,30.47,30.56,30.69,30.94
03:55:00,,30.99,31.11,31.03,31.11,31.12,31.17,31.12,30.63,29.95,29.84,30.37,30.88,30.37,29.59,30.56,29.95,29,29.17,29.4,30.27,31.1,29.95,29.37,28.51,27.69,27.66,27.4,28.02,27.67,27.47,27.52,27.24,26.9,27.83,28.13,29.34,29.73,28.84,28.89,30.12,30.46,30.54,30.69,30.94
04:00:00,,30.99,31.1,31.02,31.11,31.12,31.16,31.12,30.62,29.95,29.83,30.37,30.88,30.37,29.57,30.55,29.94,28.98,29.16,29.4,30.26,31.1,29.94,29.37,28.51,27.69,27.66,27.4,28.02,27.67,27.47,27.52,27.24,26.89,27.83,28.13,29.34,29.72,28.84,28.89,30.12,30.45,30.53,30.68,30.93
04:05:00,,30.97,31.1,31.01,31.11,31.12,31.15,31.12,30.61,29.94,29.83,30.36,30.87,30.36,29.56,30.53,29.93,28.97,29.16,29.4,30.26,31.1,29.93,29.36,28.5,27.69,27.66,27.4,28.01,27.67,27.47,27.52,27.24,26.88,27.83,28.12,29.34,29.72,28.84,28.88,30.1,30.45,30.53,30.67,30.93
04:10:00,,30.96,31.1,31,31.11,31.12,31.15,31.12,30.61,29.93,29.83,30.35,30.86,30.36,29.56,30.52,29.92,28.95,29.16,29.39,30.25,31.1,29.93,29.35,28.5,27.69,27.66,27.4,28.01,27.67,27.47,27.52,27.24,26.88,27.82,28.11,29.33,29.72,28.83,28.87,30.1,30.45,30.51,30.67,30.92
04:15:00,,30.95,31.1,30.99,31.11,31.12,31.14,31.12,30.6,29.92,29.82,30.34,30.85,30.36,29.55,30.51,29.9,28.95,29.16,29.39,30.24,31.1,29.93,29.35,28.5,27.69,27.66,27.39,28.01,27.67,27.47,27.52,27.24,26.88,27.82,28.11,29.32,29.71,28.82,28.87,30.09,30.44,30.5,30.66,30.91
04:20:00,,30.94,31.1,30.98,31.11,31.12,31.13,31.11,30.59,29.92,29.82,30.34,30.84,30.35,29.54,30.5,29.88,28.94,29.15,29.39,30.24,31.1,29.93,29.35,28.49,27.69,27.66,27.39,28.01,27.67,27.47,27.52,27.24,26.88,27.82,28.11,29.32,29.7,28.81,28.86,30.09,30.42,30.49,30.66,30.9
04:25:00,,30.93,31.1,30.96,31.1,31.12,31.12,31.11,30.58,29.91,29.81,30.33,30.83,30.34,29.54,30.49,29.88,28.92,29.14,29.38,30.24,31.1,29.92,29.34,28.49,27.69,27.66,27.39,28.01,27.67,27.47,27.52,27.24,26.88,27.82,28.11,29.32,29.7,28.8,28.86,30.08,30.4,30.48,30.65,30.9
04:30:00,,30.93,31.1,30.95,31.1,31.11,31.12,31.11,30.58,29.91,29.8,30.32,30.83,30.34,29.54,30.48,29.87,28.91,29.14,29.38,30.23,31.1,29.92,29.33,28.45,27.69,27.66,27.39,28.01,27.67,27.47,27.52,27.24,26.88,27.82,28.11,29.31,29.7,28.8,28.85,30.07,30.4,30.47,30.63,30.89
04:35:00,,30.91,31.1,30.94,31.1,31.11,31.12,31.11,30.57,29.89,29.8,30.31,30.82,30.34,29.53,30.47,29.86,28.9,29.13,29.38,30.23,31.1,29.92,29.33,28.44,27.69,27.66,27.39,28,27.67,27.47,27.52,27.24,26.88,27.82,28.1,29.3,29.69,28.79,28.85,30.07,30.39,30.46,30.63,30.88
04:40:00,,30.91,31.09,30.93,31.1,31.11,31.12,31.11,30.56,29.89,29.79,30.3,30.82,30.32,29.53,30.46,29.85,28.89,29.13,29.38,30.23,31.1,29.91,29.32,28.43,27.69,27.66,27.39,28,27.67,27.47,27.52,27.24,26.88,27.81,28.1,29.29,29.68,28.79,28.84,30.06,30.37,30.45,30.62,30.88
04:45:00,,30.9,31.09,30.93,31.1,31.11,31.12,31.11,30.56,29.88,29.77,30.29,30.81,30.31,29.52,30.45,29.84,28.88,29.13,29.38,30.21,31.1,29.91,29.32,28.41,27.69,27.66,27.39,28,27.67,27.47,27.51,27.24,26.87,27.81,28.1,29.29,29.67,28.79,28.84,30.05,30.37,30.45,30.61,30.87
04:50:00,,30.9,31.09,30.91,31.1,31.11,31.12,31.11,30.55,29.87,29.76,30.29,30.8,30.31,29.51,30.45,29.83,28.87,29.12,29.37,30.21,31.09,29.9,29.32,28.36,27.69,27.66,27.39,28,27.67,27.47,27.52,27.24,26.87,27.81,28.09,29.29,29.66,28.78,28.82,30.04,30.36,30.43,30.61,30.86
04:55:00,,30.89,31.09,30.91,31.1,31.11,31.12,31.11,30.53,29.86,29.76,30.28,30.79,30.31,29.5,30.43,29.82,28.86,29.11,29.37,30.2,31.09,29.89,29.32,28.33,27.68,27.66,27.39,28,27.67,27.47,27.52,27.24,26.87,27.81,28.09,29.28,29.66,28.78,28.81,30.03,30.36,30.42,30.6,30.84
05:00:00,,30.88,31.09,30.89,31.1,31.11,31.11,31.1,30.53,29.86,29.75,30.27,30.78,30.3,29.5,30.41,29.81,28.85,29.11,29.37,30.2,31.09,29.88,29.32,28.3,27.68,27.66,27.39,27.99,27.67,27.47,27.52,27.24,26.87,27.8,28.08,29.28,29.65,28.78,28.81,30.04,30.35,30.41,30.59,30.84
05:05:00,,30.88,31.09,30.88,31.1,31.11,31.12,31.1,30.52,29.85,29.75,30.27,30.77,30.3,29.5,30.4,29.81,28.84,29.11,29.36,30.19,31.09,29.88,29.31,28.31,27.68,27.66,27.39,27.99,27.67,27.47,27.52,27.24,26.87,27.8,28.07,29.27,29.64,28.77,28.8,30.02,30.35,30.39,30.59,30.83
05:10:00,,30.88,31.09,30.88,31.1,31.11,31.12,31.1,30.52,29.84,29.74,30.26,30.77,30.29,29.49,30.4,29.8,28.84,29.11,29.35,30.18,31.08,29.87,29.31,28.31,27.67,27.66,27.39,27.99,27.67,27.47,27.52,27.24,26.87,27.8,28.07,29.27,29.64,28.76,28.79,30.02,30.34,30.38,30.58,30.82
05:15:00,,30.87,31.09,30.86,31.1,31.11,31.11,31.1,30.51,29.83,29.73,30.25,30.77,30.29,29.49,30.39,29.8,28.82,29.11,29.34,30.18,31.04,29.86,29.3,28.32,27.67,27.66,27.38,27.99,27.67,27.47,27.52,27.24,26.87,27.79,28.06,29.25,29.64,28.76,28.78,30.02,30.32,30.37,30.58,30.81
05:20:00,,30.87,31.06,30.85,31.1,31.1,31.11,31.1,30.5,29.83,29.73,30.25,30.75,30.29,29.48,30.38,29.79,28.81,29.1,29.34,30.18,31.04,29.86,29.3,28.31,27.67,27.66,27.38,27.99,27.67,27.47,27.52,27.24,26.87,27.79,28.06,29.24,29.62,28.76,28.78,30.02,30.31,30.36,30.57,30.8
05:25:00,,30.85,31.05,30.84,31.09,31.1,31.11,31.1,30.5,29.83,29.72,30.24,30.74,30.29,29.48,30.37,29.77,28.8,29.1,29.34,30.18,31.04,29.85,29.3,28.32,27.67,27.66,27.37,27.99,27.67,27.47,27.52,27.23,26.87,27.79,28.05,29.24,29.62,28.75,28.78,29.99,30.3,30.35,30.56,30.79
05:30:00,,30.84,31.05,30.83,31.09,31.1,31.11,31.1,30.49,29.82,29.72,30.23,30.74,30.28,29.47,30.36,29.76,28.79,29.1,29.33,30.17,31.03,29.85,29.29,28.32,27.67,27.66,27.37,27.99,27.67,27.47,27.52,27.24,26.87,27.79,28.05,29.23,29.61,28.75,28.77,29.98,30.31,30.34,30.55,30.79
05:35:00,,30.84,31.04,30.82,31.09,31.1,31.11,31.09,30.48,29.81,29.71,30.23,30.73,30.27,29.46,30.35,29.75,28.78,29.1,29.33,30.16,31.02,29.84,29.29,28.33,27.66,27.66,27.36,27.99,27.67,27.47,27.51,27.24,26.87,27.79,28.04,29.23,29.61,28.75,28.77,29.98,30.3,30.32,30.55,30.78
05:40:00,,30.83,31.03,30.82,31.09,31.1,31.11,31.09,30.46,29.81,29.71,30.23,30.73,30.27,29.45,30.35,29.74,28.77,29.09,29.32,30.16,31.01,29.83,29.29,28.33,27.65,27.66,27.37,27.98,27.67,27.47,27.51,27.23,26.87,27.78,28.04,29.23,29.6,28.75,28.76,29.97,30.29,30.31,30.54,30.77
05:45:00,,30.82,31.02,30.8,31.09,31.1,31.11,31.09,30.46,29.81,29.7,30.21,30.72,30.26,29.45,30.34,29.73,28.76,29.09,29.32,30.15,31.01,29.83,29.29,28.33,27.64,27.66,27.36,27.98,27.67,27.47,27.51,27.24,26.87,27.78,28.04,29.22,29.6,28.74,28.76,29.97,30.28,30.29,30.53,30.77
05:50:00,,30.82,31.01,30.8,31.09,31.1,31.11,31.09,30.46,29.8,29.7,30.21,30.72,30.26,29.45,30.33,29.73,28.75,29.09,29.32,30.15,31.01,29.83,29.28,28.31,27.65,27.66,27.36,27.98,27.67,27.47,27.51,27.24,26.87,27.78,28.03,29.22,29.6,28.74,28.75,29.97,30.28,30.3,30.53,30.75
05:55:00,,30.82,31,30.79,31.09,31.1,31.11,31.09,30.46,29.8,29.7,30.2,30.72,30.25,29.45,30.32,29.72,28.75,29.08,29.31,30.15,31.01,29.83,29.28,28.3,27.66,27.66,27.36,27.98,27.67,27.47,27.51,27.24,26.87,27.78,28.03,29.22,29.6,28.73,28.75,29.97,30.26,30.29,30.52,30.74
06:00:00,,30.82,31,30.77,31.09,31.1,31.11,31.09,30.46,29.79,29.69,30.19,30.71,30.25,29.45,30.31,29.71,28.74,29.08,29.31,30.14,31.01,29.82,29.28,28.3,27.65,27.66,27.36,27.98,27.67,27.47,27.51,27.24,26.87,27.78,28.03,29.21,29.59,28.73,28.75,29.96,30.26,30.28,30.51,30.73
06:05:00,,30.81,30.99,30.77,31.09,31.1,31.11,31.09,30.45,29.78,29.68,30.19,30.71,30.24,29.45,30.3,29.7,28.74,29.08,29.3,30.14,31,29.82,29.28,28.3,27.61,27.66,27.35,27.98,27.67,27.47,27.51,27.24,26.87,27.78,28.03,29.2,29.59,28.73,28.74,29.95,30.25,30.26,30.51,30.72
06:10:00,,30.8,30.99,30.77,31.09,31.1,31.11,31.09,30.45,29.78,29.68,30.19,30.71,30.24,29.45,30.3,29.7,28.73,29.08,29.3,30.14,30.99,29.82,29.27,28.3,27.59,27.66,27.35,27.98,27.67,27.47,27.5,27.24,26.87,27.77,28.03,29.2,29.59,28.73,28.74,29.95,30.25,30.25,30.5,30.72
06:15:00,,30.8,30.99,30.77,31.08,31.1,31.11,31.08,30.45,29.77,29.67,30.18,30.71,30.24,29.45,30.29,29.68,28.73,29.08,29.3,30.14,30.99,29.8,29.27,28.29,27.58,27.66,27.35,27.98,27.67,27.47,27.5,27.24,26.87,27.77,28.03,29.2,29.59,28.73,28.74,29.95,30.25,30.25,30.5,30.71
06:20:00,,30.8,30.98,30.75,31.09,31.1,31.11,31.08,30.45,29.77,29.67,30.18,30.71,30.24,29.45,30.29,29.67,28.72,29.08,29.3,30.13,31,29.8,29.27,28.28,27.56,27.66,27.35,27.98,27.66,27.47,27.5,27.24,26.87,27.77,28.02,29.19,29.59,28.73,28.74,29.95,30.25,30.24,30.5,30.71
06:25:00,,30.8,30.98,30.74,31.08,31.1,31.11,31.07,30.45,29.77,29.67,30.18,30.71,30.23,29.45,30.28,29.67,28.71,29.08,29.3,30.13,30.99,29.79,29.27,28.27,27.51,27.66,27.35,27.98,27.67,27.47,27.5,27.24,26.87,27.77,28.02,29.19,29.59,28.73,28.74,29.96,30.24,30.24,30.5,30.7
06:30:00,,30.8,30.98,30.74,31.08,31.1,31.11,31.06,30.45,29.77,29.67,30.18,30.71,30.23,29.45,30.28,29.66,28.7,29.08,29.3,30.13,30.99,29.8,29.27,28.27,27.5,27.66,27.35,27.98,27.67,27.47,27.5,27.24,26.87,27.77,28.02,29.19,29.59,28.73,28.74,29.96,30.24,30.24,30.49,30.69
06:35:00,,30.8,30.97,30.73,31.08,31.1,31.11,31.06,30.45,29.77,29.67,30.18,30.71,30.23,29.46,30.27,29.65,28.69,29.07,29.29,30.13,30.98,29.79,29.27,28.26,27.4,27.66,27.35,27.98,27.66,27.47,27.5,27.24,26.87,27.77,28.03,29.19,29.59,28.73,28.74,29.96,30.24,30.24,30.48,30.68
06:40:00,,30.8,30.97,30.74,31.09,31.1,31.11,31.06,30.44,29.77,29.68,30.19,30.71,30.23,29.47,30.27,29.64,28.69,29.07,29.3,30.13,30.96,29.77,29.27,28.26,27.29,27.66,27.34,27.98,27.66,27.47,27.5,27.24,26.88,27.78,28.03,29.19,29.59,28.73,28.74,29.95,30.24,30.23,30.48,30.68
06:45:00,,30.8,30.96,30.74,31.08,31.1,31.11,31.06,30.44,29.77,29.69,30.19,30.72,30.23,29.48,30.27,29.63,28.68,29.07,29.3,30.14,30.96,29.77,29.27,28.25,27.33,27.66,27.34,27.98,27.66,27.47,27.5,27.24,26.88,27.78,28.03,29.19,29.59,28.73,28.75,29.96,30.24,30.23,30.48,30.68
06:50:00,,30.82,30.97,30.75,31.08,31.1,31.11,31.06,30.43,29.78,29.69,30.19,30.72,30.23,29.48,30.26,29.63,28.68,29.07,29.3,30.14,30.98,29.76,29.27,28.25,27.41,27.66,27.34,27.98,27.66,27.47,27.5,27.24,26.88,27.79,28.03,29.19,29.59,28.73,28.75,29.96,30.24,30.23,30.48,30.68
06:55:00,,30.82,30.97,30.76,31.09,31.1,31.11,31.07,30.43,29.78,29.7,30.19,30.73,30.23,29.49,30.25,29.62,28.67,29.05,29.3,30.13,30.98,29.76,29.27,28.25,27.44,27.66,27.33,27.99,27.67,27.47,27.51,27.24,26.89,27.79,28.04,29.19,29.59,28.73,28.75,29.97,30.24,30.23,30.48,30.69
07:00:00,,30.83,30.98,30.77,31.09,31.1,31.11,31.06,30.44,29.78,29.7,30.2,30.73,30.23,29.49,30.25,29.61,28.67,29.04,29.3,30.14,30.97,29.76,29.27,28.23,27.44,27.66,27.33,27.99,27.67,27.47,27.51,27.24,26.89,27.8,28.04,29.19,29.59,28.73,28.76,29.97,30.24,30.23,30.48,30.68
07:05:00,,30.83,30.99,30.77,31.09,31.1,31.11,31.07,30.43,29.78,29.7,30.21,30.75,30.23,29.49,30.24,29.61,28.67,29.05,29.31,30.14,30.96,29.75,29.27,28.22,27.35,27.66,27.33,28,27.66,27.47,27.51,27.24,26.9,27.8,28.05,29.19,29.59,28.73,28.76,29.97,30.24,30.23,30.48,30.69
07:10:00,,30.84,31,30.78,31.09,31.1,31.11,31.07,30.43,29.79,29.71,30.21,30.75,30.23,29.5,30.25,29.61,28.66,29.05,29.32,30.15,30.95,29.74,29.28,28.21,27.38,27.66,27.33,28,27.66,27.47,27.5,27.24,26.9,27.8,28.05,29.2,29.59,28.73,28.77,29.97,30.24,30.24,30.48,30.69
07:15:00,,30.84,31,30.78,31.09,31.1,31.11,31.07,30.43,29.78,29.71,30.23,30.77,30.22,29.5,30.25,29.61,28.67,29.05,29.32,30.15,30.95,29.74,29.28,28.21,27.46,27.66,27.33,28,27.66,27.47,27.5,27.24,26.91,27.82,28.06,29.2,29.59,28.73,28.77,29.98,30.25,30.24,30.48,30.7
07:20:00,,30.85,31.01,30.79,31.09,31.1,31.11,31.08,30.43,29.8,29.72,30.22,30.77,30.23,29.51,30.25,29.6,28.66,29.03,29.32,30.16,30.94,29.74,29.28,28.22,27.39,27.66,27.33,28.01,27.66,27.47,27.5,27.24,26.91,27.82,28.08,29.2,29.6,28.74,28.78,29.98,30.25,30.24,30.48,30.7
07:25:00,,30.87,31.01,30.79,31.09,31.1,31.11,31.08,30.43,29.81,29.72,30.23,30.78,30.23,29.51,30.25,29.6,28.66,29.02,29.32,30.16,30.94,29.74,29.28,28.22,27.39,27.65,27.33,28.01,27.67,27.47,27.51,27.24,26.92,27.83,28.08,29.2,29.6,28.74,28.79,29.99,30.25,30.24,30.48,30.71
07:30:00,,30.88,31.02,30.8,31.1,31.1,31.11,31.09,30.43,29.81,29.73,30.24,30.79,30.23,29.54,30.26,29.6,28.65,29.01,29.32,30.18,30.95,29.73,29.28,28.22,27.4,27.66,27.33,28.01,27.67,27.48,27.51,27.24,26.92,27.84,28.08,29.2,29.6,28.74,28.8,30,30.26,30.24,30.49,30.71
07:35:00,,30.89,31.03,30.81,31.09,31.1,31.12,31.09,30.44,29.81,29.74,30.24,30.8,30.23,29.55,30.26,29.6,28.66,29,29.33,30.18,30.95,29.73,29.29,28.21,27.41,27.66,27.33,28.02,27.66,27.48,27.51,27.24,26.94,27.85,28.09,29.2,29.6,28.74,28.8,30.02,30.26,30.25,30.5,30.71
07:40:00,,30.9,31.04,30.82,31.1,31.1,31.12,31.09,30.44,29.81,29.75,30.25,30.82,30.23,29.56,30.26,29.6,28.66,29.01,29.33,30.19,30.94,29.73,29.29,28.21,27.4,27.66,27.33,28.02,27.67,27.48,27.51,27.24,26.96,27.87,28.1,29.21,29.6,28.74,28.81,30.02,30.27,30.25,30.5,30.72
07:45:00,,30.91,31.05,30.84,31.1,31.1,31.12,31.09,30.44,29.81,29.76,30.26,30.83,30.23,29.57,30.26,29.6,28.66,29.01,29.35,30.2,30.94,29.71,29.29,28.21,27.41,27.66,27.34,28.02,27.67,27.48,27.51,27.24,26.97,27.88,28.11,29.21,29.6,28.74,28.84,30.03,30.28,30.25,30.51,30.74
07:50:00,,30.92,31.07,30.85,31.1,31.1,31.12,31.09,30.45,29.82,29.78,30.27,30.83,30.23,29.56,30.26,29.6,28.66,29.01,29.37,30.21,30.94,29.67,29.29,28.21,27.42,27.66,27.34,28.03,27.67,27.48,27.51,27.24,26.98,27.89,28.11,29.22,29.6,28.74,28.85,30.03,30.29,30.26,30.53,30.74
07:55:00,,30.93,31.07,30.86,31.1,31.11,31.12,31.09,30.45,29.82,29.78,30.28,30.85,30.23,29.57,30.25,29.6,28.67,29.01,29.38,30.22,30.94,29.65,29.29,28.21,27.4,27.66,27.35,28.03,27.67,27.48,27.51,27.24,26.99,27.9,28.12,29.22,29.6,28.74,28.85,30.04,30.29,30.26,30.55,30.76
08:00:00,,30.95,31.09,30.88,31.1,31.11,31.12,31.09,30.45,29.83,29.8,30.29,30.85,30.23,29.56,30.25,29.6,28.67,29.01,29.39,30.23,30.94,29.64,29.29,28.21,27.4,27.66,27.35,28.04,27.67,27.49,27.51,27.24,27.01,27.91,28.13,29.23,29.61,28.73,28.86,30.06,30.3,30.26,30.56,30.77
08:05:00,,30.98,31.09,30.9,31.11,31.11,31.12,31.09,30.45,29.84,29.82,30.3,30.87,30.23,29.55,30.25,29.6,28.66,29.01,29.4,30.23,30.94,29.65,29.29,28.21,27.41,27.66,27.36,28.04,27.67,27.49,27.51,27.24,27.01,27.93,28.14,29.24,29.61,28.73,28.87,30.07,30.31,30.27,30.58,30.78
08:10:00,,30.99,31.09,30.91,31.11,31.11,31.13,31.09,30.45,29.85,29.83,30.31,30.88,30.23,29.55,30.25,29.61,28.67,29.01,29.41,30.23,30.95,29.65,29.29,28.21,27.4,27.66,27.36,28.05,27.67,27.49,27.51,27.24,27.03,27.94,28.16,29.26,29.61,28.73,28.89,30.08,30.33,30.27,30.59,30.79
08:15:00,,31.01,31.09,30.93,31.11,31.11,31.15,31.09,30.45,29.85,29.84,30.34,30.88,30.24,29.52,30.25,29.61,28.69,29.01,29.43,30.23,30.95,29.65,29.29,28.21,27.39,27.66,27.37,28.06,27.67,27.49,27.52,27.24,27.04,27.95,28.18,29.27,29.61,28.72,28.9,30.09,30.35,30.28,30.6,30.8
08:20:00,,31.02,31.1,30.95,31.11,31.12,31.17,31.1,30.44,29.86,29.85,30.35,30.88,30.24,29.51,30.25,29.62,28.72,29.02,29.43,30.23,30.94,29.64,29.29,28.21,27.37,27.66,27.37,28.08,27.67,27.49,27.52,27.24,27.06,27.98,28.19,29.28,29.62,28.72,28.92,30.12,30.35,30.3,30.61,30.82
08:25:00,,31.04,31.1,30.97,31.11,31.12,31.2,31.1,30.44,29.9,29.87,30.37,30.88,30.24,29.5,30.26,29.63,28.73,29.02,29.45,30.24,30.94,29.64,29.29,28.21,27.38,27.66,27.38,28.08,27.67,27.49,27.52,27.24,27.09,27.99,28.21,29.29,29.62,28.71,28.95,30.13,30.37,30.32,30.62,30.83
08:30:00,,31.06,31.1,30.99,31.12,31.12,31.21,31.1,30.43,29.92,29.89,30.37,30.88,30.24,29.5,30.26,29.64,28.74,29.02,29.45,30.26,30.94,29.63,29.3,28.21,27.38,27.66,27.38,28.09,27.67,27.49,27.52,27.24,27.12,28.01,28.22,29.31,29.63,28.71,28.96,30.15,30.38,30.34,30.63,30.85
08:35:00,,31.09,31.1,31.01,31.12,31.12,31.22,31.1,30.43,29.94,29.91,30.39,30.9,30.24,29.51,30.26,29.65,28.75,29.01,29.49,30.28,30.95,29.63,29.32,28.21,27.38,27.66,27.38,28.09,27.67,27.5,27.52,27.24,27.12,28.03,28.25,29.32,29.64,28.7,28.97,30.16,30.4,30.35,30.65,30.86
08:40:00,,31.09,31.1,31.02,31.12,31.12,31.25,31.1,30.42,29.97,29.93,30.43,30.9,30.24,29.51,30.26,29.65,28.77,29.01,29.5,30.3,30.95,29.64,29.32,28.22,27.37,27.66,27.38,28.09,27.67,27.5,27.52,27.23,27.14,28.04,28.27,29.33,29.66,28.71,28.99,30.18,30.42,30.36,30.67,30.88
08:45:00,,31.09,31.11,31.04,31.12,31.12,31.26,31.1,30.45,29.97,29.95,30.45,30.91,30.25,29.49,30.27,29.66,28.77,29.05,29.52,30.31,30.95,29.64,29.34,28.22,27.36,27.66,27.39,28.1,27.67,27.5,27.52,27.23,27.17,28.08,28.29,29.34,29.68,28.71,29.01,30.19,30.45,30.38,30.68,30.89
08:50:00,,31.09,31.11,31.06,31.13,31.12,31.28,31.1,30.46,29.99,29.97,30.45,30.94,30.25,29.48,30.27,29.67,28.77,29.08,29.55,30.34,30.96,29.64,29.35,28.22,27.36,27.66,27.39,28.1,27.67,27.5,27.52,27.23,27.21,28.1,28.3,29.37,29.67,28.72,29.04,30.22,30.47,30.4,30.69,30.91
08:55:00,,31.1,31.11,31.09,31.14,31.12,31.31,31.11,30.49,29.99,29.99,30.48,30.96,30.26,29.48,30.27,29.69,28.78,29.1,29.58,30.36,30.97,29.64,29.37,28.22,27.36,27.66,27.41,28.1,27.67,27.51,27.52,27.23,27.22,28.12,28.31,29.38,29.67,28.72,29.05,30.23,30.48,30.42,30.72,30.93
09:00:00,,31.1,31.11,31.09,31.16,31.14,31.33,31.11,30.52,30,30.02,30.5,30.97,30.27,29.48,30.28,29.7,28.81,29.11,29.59,30.37,30.96,29.63,29.38,28.21,27.36,27.66,27.41,28.11,27.67,27.51,27.53,27.23,27.22,28.14,28.33,29.38,29.67,28.73,29.08,30.24,30.49,30.45,30.73,30.95
09:05:00,,31.1,31.11,31.09,31.17,31.16,31.36,31.11,30.55,30.01,30.03,30.51,30.99,30.28,29.47,30.28,29.7,28.83,29.11,29.61,30.39,30.97,29.62,29.4,28.22,27.35,27.66,27.42,28.11,27.67,27.52,27.53,27.23,27.23,28.18,28.35,29.4,29.68,28.74,29.1,30.26,30.52,30.46,30.75,30.96
09:10:00,,31.1,31.12,31.1,31.21,31.19,31.37,31.11,30.56,30.02,30.05,30.53,31,30.29,29.46,30.27,29.71,28.83,29.11,29.64,30.41,30.98,29.63,29.43,28.22,27.35,27.66,27.43,28.11,27.67,27.52,27.53,27.23,27.24,28.2,28.38,29.42,29.69,28.74,29.11,30.28,30.53,30.48,30.78,30.99
09:15:00,,31.11,31.12,31.1,31.22,31.2,31.41,31.12,30.58,30.02,30.07,30.55,31.01,30.3,29.46,30.28,29.72,28.81,29.11,29.65,30.45,30.99,29.63,29.48,28.22,27.33,27.66,27.44,28.11,27.67,27.52,27.53,27.23,27.25,28.21,28.41,29.43,29.72,28.75,29.13,30.3,30.55,30.5,30.8,31
09:20:00,,31.11,31.12,31.1,31.25,31.22,31.41,31.12,30.61,30.05,30.08,30.58,31.02,30.31,29.47,30.28,29.75,28.8,29.15,29.69,30.47,31,29.64,29.51,28.22,27.33,27.66,27.44,28.11,27.67,27.53,27.53,27.23,27.27,28.21,28.43,29.43,29.73,28.76,29.17,30.33,30.57,30.51,30.83,31.03
09:25:00,,31.11,31.15,31.1,31.28,31.23,31.4,31.12,30.64,30.1,30.1,30.58,31.03,30.32,29.48,30.28,29.76,28.81,29.15,29.71,30.48,31.01,29.63,29.53,28.22,27.32,27.66,27.45,28.11,27.67,27.54,27.53,27.23,27.28,28.23,28.45,29.46,29.74,28.77,29.19,30.34,30.59,30.53,30.85,31.04
09:30:00,,31.11,31.17,31.11,31.31,31.25,31.41,31.12,30.68,30.11,30.13,30.61,31.04,30.34,29.49,30.29,29.77,28.81,29.16,29.73,30.5,31.01,29.62,29.54,28.22,27.3,27.66,27.46,28.11,27.67,27.55,27.53,27.23,27.28,28.26,28.46,29.49,29.73,28.78,29.2,30.37,30.61,30.56,30.88,31.08
09:35:00,,31.11,31.2,31.11,31.33,31.26,31.42,31.14,30.7,30.16,30.15,30.63,31.06,30.35,29.5,30.29,29.78,28.84,29.19,29.76,30.54,31.01,29.62,29.55,28.22,27.29,27.65,27.46,28.11,27.67,27.55,27.53,27.22,27.29,28.28,28.49,29.49,29.72,28.79,29.23,30.38,30.63,30.58,30.89,31.08
09:40:00,,31.11,31.22,31.11,31.36,31.28,31.45,31.17,30.72,30.18,30.19,30.64,31.08,30.36,29.52,30.29,29.79,28.85,29.2,29.79,30.56,31.01,29.62,29.56,28.22,27.28,27.65,27.46,28.11,27.67,27.55,27.53,27.23,27.29,28.31,28.51,29.5,29.71,28.79,29.27,30.4,30.67,30.58,30.9,31.09
09:45:00,,31.12,31.25,31.12,31.38,31.31,31.48,31.2,30.72,30.21,30.2,30.66,31.09,30.36,29.55,30.29,29.8,28.86,29.22,29.81,30.58,31.01,29.62,29.55,28.22,27.28,27.66,27.47,28.12,27.67,27.55,27.53,27.22,27.3,28.35,28.52,29.51,29.7,28.81,29.28,30.43,30.67,30.58,30.93,31.09
09:50:00,,31.12,31.31,31.12,31.42,31.33,31.52,31.22,30.72,30.23,30.22,30.68,31.09,30.37,29.6,30.29,29.81,28.86,29.21,29.83,30.61,31.01,29.62,29.54,28.22,27.26,27.66,27.48,28.12,27.67,27.55,27.53,27.22,27.31,28.37,28.54,29.53,29.69,28.82,29.31,30.45,30.69,30.6,30.95,31.1
09:55:00,,31.12,31.31,31.12,31.45,31.36,31.52,31.26,30.72,30.25,30.22,30.71,31.09,30.39,29.62,30.31,29.82,28.86,29.22,29.85,29.6,31.01,29.62,29.52,28.22,27.25,27.66,27.49,28.13,27.67,27.56,27.53,27.22,27.33,28.42,28.59,29.56,29.68,28.84,29.34,30.48,30.71,30.61,30.99,31.1
10:00:00,,31.15,31.34,31.13,31.47,31.37,31.55,31.28,30.72,30.27,30.23,30.74,31.1,30.4,29.66,30.35,29.83,28.87,29.22,29.88,29.76,31.01,29.62,29.48,28.22,27.24,27.66,27.5,28.15,27.67,27.57,27.53,27.23,27.34,28.44,28.6,29.59,29.67,28.84,29.36,30.52,30.74,30.63,31.01,31.1
10:05:00,,31.17,31.36,31.16,31.49,31.39,31.58,31.31,30.73,30.29,30.24,30.77,31.1,30.42,29.7,30.38,29.85,28.86,29.21,29.91,29.91,31.01,29.62,29.46,28.23,27.24,27.66,27.5,28.18,27.67,27.57,27.53,27.23,27.36,28.44,28.62,29.6,29.66,28.85,29.38,30.53,30.77,30.66,31.02,31.1
10:10:00,,31.17,31.4,31.19,31.54,31.41,31.61,31.33,30.73,30.32,30.24,30.79,31.1,30.45,29.72,30.42,29.86,28.88,29.21,29.93,29.62,31,29.61,29.44,28.23,27.25,27.65,27.51,28.19,27.67,27.58,27.53,27.23,27.36,28.45,28.64,29.62,29.64,28.86,29.4,30.56,30.81,30.7,31.04,31.11
10:15:00,,31.17,31.43,31.21,31.57,31.42,31.64,31.34,30.73,30.37,30.24,30.82,31.1,30.45,29.75,30.45,29.87,28.88,29.21,29.95,29.62,30.99,29.61,29.42,28.22,27.23,27.65,27.52,28.2,27.67,27.58,27.53,27.23,27.36,28.45,28.68,29.64,29.63,28.87,29.43,30.57,30.82,30.72,31.08,31.11
10:20:00,,31.15,31.47,31.24,31.6,31.44,31.69,31.36,30.75,30.39,30.25,30.85,31.1,30.46,29.81,30.48,29.88,28.88,29.21,29.96,29.62,30.99,29.61,29.41,28.22,27.24,27.66,27.53,28.21,27.67,27.59,27.53,27.22,27.36,28.44,28.73,29.65,29.62,28.89,29.45,30.61,30.82,30.74,31.09,31.11
10:25:00,,31.18,31.5,31.26,31.64,31.46,31.71,31.39,30.74,30.4,30.29,30.88,31.1,30.47,29.84,30.5,29.91,28.88,29.21,29.95,29.62,30.99,29.61,29.41,28.23,27.24,27.66,27.55,28.22,27.67,27.59,27.53,27.22,27.36,28.44,28.73,29.7,29.62,28.93,29.49,30.63,30.84,30.77,31.09,31.11
10:30:00,,31.21,31.52,31.3,31.67,31.52,31.74,31.41,30.75,30.45,30.31,30.89,31.1,30.48,29.88,30.51,29.95,28.87,29.21,29.94,29.62,30.98,29.61,29.4,28.23,27.24,27.65,27.57,28.21,27.67,27.59,27.53,27.23,27.37,28.45,28.75,29.72,29.62,28.97,29.51,30.66,30.88,30.8,31.1,31.12
10:35:00,,31.25,31.56,31.33,31.69,31.53,31.75,31.44,30.77,30.47,30.34,30.91,31.11,30.49,29.91,30.55,29.97,28.88,29.22,29.94,29.62,30.98,29.61,29.4,28.23,27.24,27.65,27.58,28.21,27.67,27.59,27.53,27.23,27.39,28.46,28.76,29.74,29.62,28.98,29.54,30.69,30.9,30.84,31.1,31.12
10:40:00,,31.29,31.58,31.35,31.74,31.53,31.77,31.45,30.77,30.5,30.4,30.94,31.11,30.5,29.93,30.59,29.98,28.89,29.22,29.93,29.62,30.98,29.62,29.38,28.23,27.24,27.66,27.6,28.21,27.67,27.6,27.53,27.23,27.39,28.46,28.8,29.77,29.62,29,29.56,30.72,30.93,30.87,31.1,31.12
10:45:00,,31.31,31.63,31.38,31.77,31.55,31.79,31.47,30.78,30.53,30.4,30.99,31.11,30.51,29.99,30.61,29.97,28.9,29.22,29.92,,30.96,29.62,29.38,28.23,27.24,27.65,27.6,28.2,27.67,27.6,27.52,27.22,27.4,28.48,28.84,29.81,29.62,29.05,29.59,30.77,30.97,30.9,31.1,31.12
10:50:00,,31.31,31.66,31.43,31.78,31.56,31.85,31.48,30.79,30.56,30.45,31,31.11,30.53,29.99,30.64,29.98,28.9,29.22,29.93,29.62,30.95,29.62,29.38,28.23,27.25,27.65,27.6,28.19,27.67,27.6,27.52,27.22,27.4,28.5,28.85,29.85,29.62,29.07,29.63,30.8,30.99,30.92,31.1,31.14
10:55:00,,31.34,31.69,31.46,31.8,31.6,31.87,31.53,30.78,30.59,30.48,31.02,31.11,30.55,30.04,30.67,29.99,28.9,29.23,29.95,31.02,30.93,29.61,29.37,28.23,27.25,27.65,27.61,28.19,27.67,27.61,27.52,27.22,27.41,28.5,28.87,29.86,29.62,29.1,29.64,30.82,31.03,30.95,31.11,31.17
11:00:00,,31.39,31.74,31.51,31.84,31.64,31.9,31.55,30.78,30.61,30.48,31.04,31.11,30.56,30.07,30.71,30.02,28.91,29.24,29.97,31.03,30.92,29.61,29.36,28.23,27.25,27.65,27.62,28.17,27.67,27.61,27.51,27.21,27.41,28.5,28.94,29.86,29.63,29.16,29.66,30.86,31.04,30.98,31.11,31.21
11:05:00,,31.42,31.74,31.51,31.85,31.67,31.95,31.58,30.77,30.62,30.49,31.07,31.11,30.58,30.08,30.75,30.01,28.9,29.27,29.98,31.05,30.91,29.6,29.35,28.22,27.25,27.65,27.63,28.16,27.67,27.61,27.5,27.21,27.44,28.49,28.95,29.91,29.64,29.16,29.7,30.88,31.08,31,31.11,31.23
11:10:00,,31.46,31.77,31.55,31.88,31.69,31.95,31.61,30.77,30.64,30.52,31.09,31.11,30.6,30.1,30.74,29.99,28.89,29.29,29.97,31.09,30.89,29.6,29.34,28.22,27.24,27.65,27.63,28.15,27.66,27.62,27.5,27.22,27.45,28.49,28.98,29.92,29.64,29.17,29.73,30.9,31.09,31.04,31.12,31.25
11:15:00,,31.5,31.8,31.58,31.92,31.74,31.97,31.65,30.77,30.65,30.57,31.09,31.11,30.61,30.13,30.77,29.99,28.89,29.31,29.97,31.09,30.88,29.61,29.34,28.21,27.24,27.65,27.65,28.14,27.66,27.62,27.5,27.22,27.46,28.49,28.99,29.95,29.65,29.18,29.76,30.91,31.09,31.05,31.12,31.27
11:20:00,,31.55,31.85,31.62,31.95,31.75,32,31.67,30.77,30.67,30.58,31.09,31.11,30.62,30.18,30.78,30.02,28.89,29.32,30.02,31.09,30.87,29.6,29.33,28.21,27.23,27.65,27.65,28.14,27.66,27.63,27.49,27.22,27.47,28.49,29.05,29.97,29.66,29.2,29.8,30.94,31.09,31.08,31.12,31.31
11:25:00,,31.57,31.87,31.65,31.97,31.77,32.01,31.72,30.77,30.69,30.61,31.1,31.11,30.66,30.2,30.81,30.03,28.89,29.32,30.04,31.1,30.85,29.6,29.32,28.21,27.24,27.65,27.65,28.14,27.66,27.63,27.49,27.22,27.49,28.48,29.07,30,29.66,29.22,29.82,30.95,31.1,31.09,31.13,31.33
11:30:00,,31.63,31.89,31.68,31.99,31.81,32.06,31.74,30.78,30.7,30.66,31.1,31.12,30.67,30.25,30.84,30.02,28.89,29.32,30.08,31.1,30.84,29.6,29.32,28.22,27.25,27.65,27.65,28.14,27.66,27.65,27.49,27.22,27.49,28.47,29.09,30.02,29.67,29.24,29.85,30.98,31.1,31.1,31.14,31.34
11:35:00,,31.68,31.9,31.7,32.01,31.85,32.09,31.74,30.78,30.71,30.7,31.1,31.12,30.69,30.27,30.88,30.03,28.87,29.32,30.12,31.1,30.85,29.6,29.33,28.22,27.25,27.65,27.65,28.14,27.66,27.65,27.49,27.22,27.52,28.46,29.11,30.03,29.66,29.27,29.87,31.01,31.1,31.1,31.15,31.37
11:40:00,,31.7,31.95,31.74,32.04,31.87,32.12,31.74,30.78,30.72,30.73,31.11,31.12,30.71,30.28,30.95,30.02,28.86,29.31,30.12,31.1,30.83,29.6,29.32,28.22,27.25,27.65,27.66,28.14,27.66,27.65,27.49,27.22,27.54,28.46,29.16,30.06,29.67,29.28,29.89,31.04,31.11,31.1,31.2,31.4
11:45:00,,31.74,31.96,31.76,32.07,31.9,32.14,31.73,30.79,30.76,30.75,31.11,31.12,30.74,30.3,30.99,30.02,28.86,29.31,30.1,31.11,30.82,29.61,29.32,28.21,27.25,27.65,27.66,28.14,27.66,27.65,27.47,27.22,27.55,28.46,29.18,30.07,29.67,29.3,29.93,31.07,31.11,31.1,31.23,31.41
11:50:00,,31.77,31.98,31.79,32.11,31.92,32.16,31.7,30.8,30.79,30.78,31.11,31.12,30.75,30.33,31.04,30.02,28.86,29.32,30.08,31.11,30.82,29.61,29.31,28.21,27.24,27.65,27.66,28.14,27.66,27.65,27.47,27.21,27.56,28.46,29.21,30.11,29.69,29.31,29.96,31.09,31.11,31.11,31.26,31.43
11:55:00,,31.77,32.01,31.84,32.13,31.96,32.18,31.69,30.8,30.8,30.79,31.11,31.12,30.78,30.35,31.06,30.02,28.87,29.31,30.07,31.12,30.81,29.61,29.3,28.21,27.24,27.65,27.66,28.14,27.66,27.65,27.47,27.21,27.58,28.45,29.23,30.13,29.7,29.33,29.98,31.09,31.11,31.11,31.29,31.46
12:00:00,,31.82,32.03,31.85,32.17,31.97,32.18,31.67,30.82,30.81,30.83,31.12,31.15,30.8,30.39,31.05,30.02,28.87,29.31,30.09,31.12,30.8,29.6,29.3,28.2,27.25,27.65,27.66,28.15,27.66,27.65,27.47,27.21,27.6,28.45,29.27,30.16,29.71,29.32,30.02,31.09,31.12,31.11,31.32,31.47
12:05:00,,31.85,32.07,31.88,32.19,31.99,32.2,31.67,30.84,30.81,30.87,31.12,31.2,30.83,30.43,31.07,30.03,28.88,29.3,30.1,31.12,30.79,29.6,29.29,28.2,27.25,27.65,27.66,28.15,27.66,27.65,27.46,27.2,27.62,28.45,29.3,30.19,29.73,29.32,30.03,31.1,31.12,31.11,31.33,31.52
12:10:00,,31.86,32.09,31.9,32.21,32.04,32.22,31.67,30.88,30.81,30.89,31.12,31.22,30.86,30.45,31.08,30.03,28.89,29.3,30.13,31.12,30.78,29.6,29.27,28.2,27.26,27.65,27.66,28.15,27.66,27.65,27.46,27.2,27.65,28.45,29.33,30.21,29.74,29.33,30.05,31.1,31.12,31.11,31.35,31.55
12:15:00,,31.88,32.11,31.95,32.24,32.06,32.26,31.66,30.9,30.82,30.87,31.12,31.25,30.88,30.46,31.09,30.05,28.9,29.3,30.15,31.15,30.78,29.6,29.27,28.2,27.27,27.65,27.66,28.15,27.66,27.65,27.45,27.2,27.66,28.44,29.37,30.23,29.75,29.37,30.09,31.1,31.12,31.11,31.38,31.55
12:20:00,,31.91,32.14,31.97,32.28,32.09,32.28,31.66,30.93,30.82,30.88,31.14,31.31,30.89,30.48,31.09,30.05,28.89,29.31,30.18,31.19,30.77,29.6,29.27,28.2,27.27,27.65,27.66,28.14,27.66,27.65,27.45,27.19,27.66,28.44,29.39,30.25,29.76,29.4,30.13,31.1,31.15,31.12,31.42,31.55
12:25:00,,31.93,32.18,31.99,32.3,32.12,32.29,31.66,30.95,30.83,30.9,31.15,31.34,30.93,30.52,31.09,30.05,28.9,29.32,30.19,31.22,30.77,29.6,29.25,28.2,27.28,27.65,27.67,28.14,27.65,27.65,27.44,27.19,27.66,28.44,29.4,30.28,29.78,29.47,30.15,31.11,31.17,31.12,31.42,31.56
12:30:00,,31.97,32.2,32.01,32.32,32.14,32.31,31.66,30.99,30.85,30.91,31.19,31.34,30.93,30.56,31.09,30.04,28.92,29.32,30.18,31.26,30.77,29.61,29.24,28.2,27.29,27.65,27.67,28.13,27.65,27.64,27.44,27.19,27.66,28.43,29.43,30.3,29.78,29.48,30.17,31.11,31.2,31.12,31.46,31.59
12:35:00,,31.98,32.23,32.06,32.33,32.17,32.34,31.66,31.01,30.88,30.91,31.21,31.39,30.94,30.59,31.09,30.04,28.93,29.33,30.18,31.31,30.77,29.61,29.21,28.2,27.29,27.65,27.67,28.12,27.65,27.64,27.45,27.19,27.67,28.43,29.45,30.34,29.77,29.5,30.2,31.11,31.22,31.12,31.49,31.62
12:40:00,,32.01,32.28,32.08,32.38,32.19,32.38,31.65,31.02,30.89,30.93,31.22,31.41,30.97,30.61,31.1,30.06,28.94,29.34,30.2,31.32,30.75,29.61,29.19,28.19,27.3,27.65,27.67,28.11,27.65,27.65,27.45,27.19,27.67,28.44,29.49,30.39,29.75,29.53,30.23,31.11,31.23,31.15,31.51,31.64
12:45:00,,32.06,32.3,32.11,32.4,32.21,32.39,31.65,31.02,30.9,30.94,31.25,31.42,31,30.63,31.1,30.08,28.96,29.37,30.23,31.32,30.74,29.61,29.19,28.18,27.32,27.65,27.67,28.11,27.65,27.65,27.45,27.18,27.67,28.44,29.52,30.45,29.73,29.59,,31.11,31.25,31.2,31.52,31.64
12:50:00,,32.08,32.31,32.12,32.41,32.23,32.42,31.64,31.04,30.9,30.97,31.28,31.43,31.02,30.68,31.09,30.12,28.97,29.39,30.24,31.34,30.73,29.61,29.18,28.19,27.32,27.65,27.67,28.11,27.65,27.65,27.46,27.18,27.68,28.44,29.54,30.45,29.7,29.61,30.26,31.11,31.28,31.21,31.54,31.66
12:55:00,,32.08,32.33,32.17,32.43,32.27,32.46,31.65,31.05,30.91,31.01,31.31,31.42,31.02,30.71,31.09,30.15,28.99,29.43,30.27,31.37,30.72,29.62,29.18,28.18,27.33,27.65,27.68,28.11,27.65,27.62,27.45,27.18,27.68,28.44,29.59,30.47,29.68,29.62,30.3,31.11,31.31,31.23,31.55,31.68
13:00:00,,32.09,32.39,32.19,32.46,32.3,32.49,31.67,31.07,30.91,31.05,31.33,31.42,31.02,30.73,31.09,30.15,29,29.43,30.3,31.42,30.72,29.62,29.18,28.17,27.33,27.65,27.68,28.1,27.65,27.62,27.45,27.17,27.69,28.45,29.61,30.47,29.67,29.67,30.31,31.11,31.33,31.25,31.59,31.7
13:05:00,,32.11,32.4,32.22,32.5,32.32,32.51,31.66,31.08,30.91,31.05,31.37,31.42,31.02,30.77,31.09,30.16,29.05,29.44,30.35,31.44,30.72,29.62,29.17,28.19,27.34,27.65,27.68,28.09,27.65,27.63,27.45,27.17,27.71,28.46,29.65,30.48,29.67,29.7,30.34,31.12,31.34,31.26,31.61,31.71
13:10:00,,32.17,32.42,32.25,32.52,32.34,32.51,31.66,31.09,30.92,31.09,31.38,31.43,31.02,30.79,31.09,30.16,29.08,29.48,30.38,31.45,30.71,29.62,29.16,28.19,27.35,27.65,27.69,28.09,27.63,27.62,27.45,27.17,27.76,28.46,29.65,30.51,29.66,29.73,30.35,31.12,31.38,31.32,31.64,31.73
13:15:00,,32.18,32.44,32.26,32.52,32.37,32.52,31.67,31.09,30.92,31.09,31.41,31.42,31.01,30.81,31.09,30.16,29.1,29.48,30.4,31.46,30.71,29.62,29.16,28.19,27.35,27.65,27.69,28.09,27.64,27.62,27.46,27.17,27.77,28.47,29.7,30.52,29.64,29.72,30.36,31.12,31.38,31.32,31.67,31.75
13:20:00,,32.2,32.47,32.27,32.55,32.39,32.51,31.69,31.09,30.93,31.09,31.43,31.42,31.01,30.82,31.1,30.17,29.12,29.51,30.42,31.5,30.7,29.63,29.15,28.19,27.36,27.65,27.69,28.08,27.63,27.62,27.46,27.17,27.77,28.48,29.7,30.55,29.64,29.75,30.37,31.12,31.42,31.34,31.67,31.76
13:25:00,,32.22,32.49,32.29,32.59,32.41,32.52,31.72,31.09,30.93,31.1,31.47,31.42,31,30.87,31.1,30.16,29.13,29.51,30.45,31.54,30.7,29.64,29.13,28.17,27.38,27.65,27.71,28.08,27.62,27.61,27.46,27.17,27.74,28.48,29.73,30.56,29.63,29.8,30.41,31.12,31.44,31.35,31.68,31.78
13:30:00,,32.25,32.51,32.32,32.61,32.43,32.54,31.76,31.1,30.93,31.1,31.47,31.42,31,30.89,31.1,30.17,29.15,29.51,30.48,31.57,30.69,29.64,29.12,28.17,27.39,27.65,27.77,28.08,27.62,27.62,27.45,27.17,27.73,28.49,29.76,30.57,29.62,29.82,30.45,31.12,31.44,31.36,31.71,31.84
13:35:00,,32.28,32.52,32.33,32.62,32.43,32.56,31.78,31.1,30.93,31.1,31.49,31.42,30.99,30.91,31.1,30.18,29.16,29.5,30.5,31.57,30.69,29.65,29.12,28.16,27.4,27.65,27.79,28.08,27.62,27.62,27.45,27.17,27.74,28.51,29.78,30.58,29.62,29.81,30.45,31.12,31.47,31.36,31.74,31.82
13:40:00,,32.3,32.52,32.34,32.64,32.46,32.6,31.82,31.09,30.94,31.1,31.52,31.42,30.98,30.94,31.1,30.21,29.18,29.5,30.53,31.58,30.69,29.66,29.11,28.16,27.44,27.65,27.87,28.08,27.62,27.62,27.44,27.17,27.77,28.52,29.82,30.59,29.61,29.81,30.48,31.12,31.49,31.37,31.75,31.84
13:45:00,,32.32,32.54,32.35,32.67,32.49,32.58,31.85,31.1,30.95,31.11,31.53,31.42,30.95,30.98,31.11,30.2,29.22,29.5,30.57,31.59,30.68,29.67,29.1,28.15,27.47,27.65,27.86,28.08,27.62,27.61,27.44,27.17,27.82,28.53,29.84,30.59,29.6,29.82,30.51,31.12,31.5,31.38,31.76,31.85
13:50:00,,32.34,32.56,32.38,32.71,32.51,32.57,31.86,31.1,30.95,31.11,31.56,31.42,30.93,31.01,31.11,30.21,29.27,29.53,30.57,31.63,30.67,29.69,29.09,28.15,27.53,27.65,27.89,28.08,27.61,27.62,27.44,27.17,27.87,28.53,29.85,30.59,29.6,29.82,30.52,31.12,31.51,31.37,31.79,31.87
13:55:00,,32.38,32.59,32.4,32.73,32.52,32.57,31.88,31.1,30.95,31.11,31.57,31.42,30.92,31.03,31.11,30.2,29.29,29.55,30.58,31.65,30.67,29.7,29.08,28.14,27.55,27.65,27.92,28.07,27.61,27.62,27.44,27.17,27.87,28.54,29.88,30.59,29.6,29.83,30.53,31.12,31.53,31.37,31.8,31.87
14:00:00,,32.39,32.59,32.41,32.76,32.55,32.57,31.9,31.1,30.95,31.11,31.57,31.42,30.89,31.04,31.12,30.2,29.29,29.57,30.59,31.67,30.67,29.71,29.07,28.13,27.55,27.65,27.91,28.07,27.61,27.62,27.41,27.17,27.87,28.55,29.92,30.61,29.59,29.88,30.56,31.12,31.55,31.37,31.83,31.88
14:05:00,,32.41,32.6,32.43,32.76,32.57,32.6,31.91,31.1,30.96,31.11,31.6,31.42,30.81,31.07,31.12,30.2,29.3,29.57,30.62,31.7,30.67,29.72,29.06,28.13,27.57,27.65,27.98,28.06,27.61,27.62,27.41,27.17,27.85,28.56,29.93,30.66,29.59,29.92,30.57,31.12,31.55,31.37,31.83,31.89
14:10:00,,32.43,32.6,32.44,32.76,32.6,32.6,31.96,31.1,30.96,31.11,31.63,31.42,30.75,31.09,31.12,30.21,29.31,29.59,30.67,31.73,30.67,29.73,29.03,28.11,27.58,27.65,27.99,28.06,27.61,27.62,27.4,27.17,27.84,28.57,29.94,30.69,29.59,29.94,30.58,31.13,31.57,31.39,31.84,31.9
14:15:00,,32.44,32.61,32.45,32.78,32.6,32.6,31.98,31.1,30.97,31.1,31.66,31.42,30.74,31.09,31.12,30.23,29.32,29.59,30.69,31.75,30.67,29.75,29.03,28.09,27.58,27.65,28.01,28.06,27.61,27.63,27.41,27.17,27.84,28.57,29.97,30.72,29.57,29.92,30.63,31.13,31.58,31.39,31.85,31.91
14:20:00,,32.47,32.63,32.46,32.81,32.6,32.62,31.98,31.1,30.97,31.11,31.65,31.41,30.77,31.09,31.12,30.24,29.34,29.57,30.7,31.74,30.67,29.75,29.02,28.08,27.6,27.65,28.01,28.06,27.61,27.63,27.4,27.17,27.84,28.58,29.98,30.72,29.56,29.91,30.63,31.14,31.6,31.39,31.85,31.92
14:25:00,,32.46,32.63,32.49,32.81,32.6,32.63,32,31.09,30.97,31.11,31.66,31.41,30.75,31.09,31.12,30.24,29.38,29.59,30.71,31.75,30.67,29.78,29.01,28.04,27.61,27.65,28.03,28.05,27.61,27.63,27.4,27.17,27.87,28.59,30.01,30.73,29.57,29.91,30.66,31.12,31.62,31.41,31.88,31.92
14:30:00,,32.49,32.65,32.5,32.83,32.61,32.65,32.02,31.09,30.98,31.11,31.68,31.41,30.72,31.09,31.12,30.24,29.4,29.6,30.72,31.79,30.67,29.8,29.01,28.04,27.65,27.65,28.06,28.05,27.61,27.63,27.4,27.17,27.9,28.6,30.02,30.75,29.55,29.91,30.68,31.12,31.63,31.4,31.88,31.95
14:35:00,,32.52,32.66,32.52,32.84,32.62,32.68,32.03,31.09,30.97,31.11,31.69,31.39,30.72,31.1,31.12,30.24,29.41,29.6,30.73,31.81,30.67,29.81,29,28.03,27.65,27.65,28.09,28.05,27.61,27.62,27.39,27.17,27.92,28.62,30.04,30.75,29.55,29.91,30.69,31.14,31.64,31.41,31.9,31.97
14:40:00,,32.5,32.68,32.53,32.84,32.62,32.68,32.06,31.09,30.97,31.11,31.72,31.39,30.72,31.1,31.12,30.24,29.42,29.6,30.74,31.81,30.68,29.82,29,28.03,27.65,27.65,28.1,28.05,27.61,27.61,27.39,27.17,27.95,28.62,30.07,30.73,29.54,29.88,30.71,31.16,31.65,31.4,31.9,31.98
14:45:00,,32.51,32.7,32.54,32.85,32.63,32.68,32.07,31.09,30.97,31.11,31.71,31.38,30.73,31.1,31.12,30.24,29.45,29.6,30.76,31.84,30.68,29.84,29,28.03,27.65,27.65,28.12,28.05,27.61,27.61,27.39,27.17,27.96,28.63,30.07,30.74,29.54,29.86,30.72,31.19,31.65,31.41,31.91,31.98
14:50:00,,32.52,32.71,32.54,32.86,32.63,32.71,32.07,31.09,30.98,31.11,31.71,31.37,30.72,31.1,31.12,30.24,29.45,29.6,30.77,31.86,30.69,29.85,29.01,28.02,27.65,27.65,28.13,28.04,27.61,27.61,27.39,27.17,27.99,28.64,30.1,30.76,29.53,29.83,30.74,31.2,31.68,31.41,31.92,31.98
14:55:00,,32.51,32.71,32.55,32.86,32.65,32.71,32.08,31.09,30.98,31.11,31.74,31.37,30.72,31.1,31.12,30.24,29.49,29.62,30.77,31.87,30.69,29.87,29,28.01,27.66,27.65,28.14,28.04,27.61,27.6,27.39,27.17,28,28.65,30.11,30.79,29.53,29.8,30.77,31.21,31.69,31.4,31.95,32
15:00:00,,32.51,32.72,32.55,32.88,32.66,32.72,32.09,31.09,30.99,31.11,31.74,31.36,30.7,31.11,31.12,30.24,29.51,29.66,30.78,31.89,30.69,29.9,29.01,28.01,27.66,27.65,28.16,28.04,27.61,27.6,27.38,27.17,28.01,28.67,30.13,30.78,29.53,29.81,30.79,31.22,31.69,31.41,31.97,32
15:05:00,,32.5,32.71,32.58,32.89,32.68,32.71,32.09,31.09,30.98,31.11,31.73,31.35,30.68,31.11,31.12,30.23,29.51,29.67,30.78,31.9,30.69,29.91,29.01,28.01,27.66,27.65,28.16,28.04,27.61,27.6,27.37,27.17,28.03,28.67,30.14,30.79,29.53,29.8,30.79,31.23,31.71,31.41,31.96,31.99
15:10:00,,32.5,32.71,32.57,32.9,32.69,32.71,32.01,31.09,30.98,31.11,31.72,31.34,30.66,31.11,31.12,30.23,29.52,29.69,30.78,31.91,30.69,29.93,29.01,28.01,27.66,27.65,28.17,28.04,27.62,27.58,27.37,27.16,28.02,28.68,30.16,30.8,29.53,29.78,30.8,31.25,31.72,31.42,31.97,31.99
15:15:00,,32.5,32.73,32.6,32.9,32.68,32.73,31.98,31.09,30.96,31.11,31.71,31.33,30.64,31.11,31.12,30.23,29.53,29.7,30.8,31.95,30.69,29.95,29.01,28.01,27.66,27.65,28.19,28.05,27.62,27.58,27.36,27.16,28.03,28.69,30.18,30.79,29.53,29.78,30.81,31.25,31.73,31.43,31.97,31.99
15:20:00,,32.5,32.73,32.59,32.93,32.68,32.73,31.96,31.09,30.95,31.11,31.69,31.33,30.63,31.11,31.12,30.24,29.54,29.72,30.79,31.95,30.69,29.97,29.02,28,27.66,27.65,28.2,28.05,27.62,27.58,27.35,27.16,28.03,28.69,30.19,30.78,29.53,29.76,30.82,31.27,31.74,31.44,31.97,31.98
15:25:00,,32.51,32.74,32.6,32.9,32.66,32.71,31.97,31.08,30.94,31.12,31.69,31.32,30.6,31.11,31.12,30.24,29.56,29.73,30.8,31.96,30.69,29.98,29.02,27.99,27.66,27.65,28.21,28.05,27.62,27.59,27.35,27.15,28.02,28.7,30.2,30.77,29.53,29.75,30.82,31.28,31.74,31.44,31.97,31.98
15:30:00,,32.52,32.73,32.6,32.89,32.65,32.71,31.97,31.08,30.92,31.12,31.69,31.31,30.59,31.11,31.12,30.24,29.59,29.75,30.82,31.97,30.68,29.99,29.02,27.99,27.66,27.65,28.21,28.05,27.63,27.59,27.35,27.15,28.03,28.69,30.2,30.77,29.53,29.75,30.84,31.3,31.74,31.45,31.97,31.98
15:35:00,,32.52,32.73,32.6,32.87,32.65,32.71,31.95,31.07,30.92,31.12,31.7,31.31,30.59,31.12,31.12,30.24,29.6,29.75,30.82,31.96,30.68,30.01,29.02,27.98,27.67,27.65,28.22,28.05,27.63,27.59,27.34,27.15,28.04,28.7,30.21,30.77,29.53,29.75,30.85,31.31,31.74,31.46,31.97,31.97
15:40:00,,32.52,32.72,32.6,32.87,32.66,32.68,31.92,31.06,30.9,31.12,31.69,31.29,30.58,31.12,31.12,30.25,29.6,29.76,30.83,31.96,30.68,30.02,29.03,27.98,27.67,27.65,28.23,28.05,27.63,27.59,27.33,27.15,28.04,28.7,30.23,30.76,29.53,29.75,30.87,31.31,31.74,31.45,31.98,31.96
15:45:00,,32.51,32.71,32.61,32.87,32.66,32.67,31.88,31.05,30.89,31.12,31.69,31.27,30.57,31.12,31.12,30.24,29.61,29.79,30.83,31.96,30.68,30.02,29.03,27.97,27.67,27.65,28.23,28.05,27.63,27.59,27.33,27.15,28.04,28.7,30.22,30.74,29.53,29.74,30.88,31.31,31.75,31.46,31.98,31.96
15:50:00,,32.51,32.71,32.6,32.85,32.66,32.66,31.87,31.04,30.89,31.12,31.69,31.26,30.56,31.12,31.12,30.24,29.63,29.8,30.84,31.96,30.68,30.03,29.03,27.98,27.67,27.65,28.24,28.05,27.63,27.59,27.33,27.14,28.05,28.7,30.22,30.73,29.53,29.73,30.88,31.31,31.75,31.47,31.98,31.95
15:55:00,,32.5,32.73,32.6,32.84,32.65,32.66,31.85,31.04,30.88,31.12,31.68,31.26,30.54,31.12,31.12,30.24,29.64,29.81,30.84,31.97,30.68,30.04,29.03,27.96,27.67,27.65,28.24,28.05,27.63,27.59,27.33,27.14,28.05,28.71,30.23,30.73,29.54,29.73,30.88,31.32,31.75,31.48,31.98,31.95
16:00:00,,32.49,32.71,32.6,32.83,32.65,32.66,31.85,31.04,30.86,31.12,31.68,31.25,30.53,31.12,31.12,30.24,29.65,29.82,30.84,31.97,30.69,30.04,29.03,27.96,27.67,27.65,28.25,28.04,27.63,27.6,27.33,27.14,28.06,28.73,30.23,30.72,29.54,29.73,30.89,31.32,31.75,31.5,31.98,31.95
16:05:00,,32.49,32.71,32.6,32.82,32.64,32.66,31.83,31.03,30.85,31.12,31.68,31.25,30.5,31.12,31.12,30.24,29.65,29.82,30.84,31.97,30.68,30.04,29.03,27.95,27.67,27.65,28.25,28.04,27.63,27.6,27.33,27.14,28.07,28.73,30.23,30.71,29.54,29.73,30.9,31.32,31.76,31.51,31.98,31.95
16:10:00,,32.49,32.69,32.6,32.81,32.62,32.66,31.8,31.03,30.83,31.12,31.68,31.24,30.5,31.12,31.12,30.23,29.66,29.83,30.85,31.98,30.68,30.05,29.03,27.95,27.67,27.63,28.27,28.04,27.62,27.6,27.32,27.14,28.09,28.73,30.24,30.71,29.55,29.72,30.89,31.32,31.76,31.49,31.98,31.95
16:15:00,,32.46,32.71,32.6,32.81,32.61,32.67,31.77,31.02,30.82,31.12,31.68,31.23,30.48,31.12,31.12,30.23,29.67,29.84,30.85,31.97,30.68,30.06,29.03,27.96,27.67,27.63,28.27,28.04,27.62,27.6,27.33,27.13,28.1,28.73,30.25,30.71,29.54,29.72,30.9,31.32,31.76,31.48,31.97,31.94
16:20:00,,32.45,32.71,32.6,32.81,,32.67,31.74,31.01,30.81,31.12,31.66,31.23,30.47,31.12,31.11,30.23,29.68,29.86,30.87,31.96,30.68,30.06,29.02,27.97,27.67,27.62,28.26,28.04,27.62,27.59,27.33,27.13,28.11,28.73,30.24,30.69,29.54,29.71,30.9,31.32,31.76,31.47,31.97,31.95
16:25:00,,32.44,32.71,32.6,32.8,32.6,32.64,31.7,30.99,30.8,31.12,31.66,31.21,30.47,31.12,31.11,30.23,29.68,,30.85,31.95,30.68,30.07,29.02,27.96,27.67,27.62,28.25,28.03,27.62,27.59,27.33,27.13,28.12,28.73,30.24,30.68,29.54,29.71,30.9,31.32,31.74,31.46,31.95,31.93
16:30:00,,32.44,32.62,32.57,32.76,32.6,32.6,31.69,30.99,30.79,31.12,31.66,31.2,30.46,31.12,31.11,30.23,29.7,29.86,30.85,31.94,30.68,30.07,29.02,27.95,27.67,27.63,28.25,28.03,27.62,27.6,27.33,,28.12,28.73,30.24,30.68,29.53,29.71,30.89,31.32,31.72,31.44,31.93,31.93
16:35:00,,32.4,32.61,32.56,32.74,32.55,32.6,31.68,30.98,30.79,31.11,31.66,31.18,30.45,31.12,31.11,30.22,29.71,29.86,30.85,31.96,30.68,30.07,29.02,27.95,27.67,27.62,28.26,28.03,27.62,27.6,27.32,27.13,28.13,28.73,30.23,30.68,29.54,29.7,30.9,31.31,31.71,31.44,31.9,31.92
16:40:00,,32.39,32.6,32.55,32.74,32.52,32.6,31.69,30.96,30.79,31.12,31.66,31.17,30.46,31.12,31.11,30.21,29.7,29.87,30.87,31.96,30.68,30.07,29.02,27.95,27.67,27.61,28.25,28.03,27.62,27.6,27.32,27.12,28.14,28.73,30.23,30.67,29.54,29.7,30.9,31.31,31.72,31.44,31.9,31.93
16:45:00,,32.38,32.6,32.54,32.74,32.52,32.58,31.69,30.95,30.77,31.12,31.65,31.16,30.46,31.12,31.11,30.21,29.71,29.88,30.87,31.96,30.67,30.07,29.02,27.95,27.67,27.61,28.25,28.03,27.62,27.6,27.33,27.12,28.14,28.73,30.23,30.67,29.54,29.7,30.9,31.31,31.73,31.44,31.89,31.93
16:50:00,32.96,32.38,32.6,32.54,32.74,32.51,32.58,31.69,30.93,30.77,31.12,31.65,31.15,30.45,31.12,31.11,30.21,29.71,29.91,30.88,31.97,30.67,30.08,29.03,27.95,27.67,27.61,28.25,28.03,27.62,27.6,27.33,27.12,28.15,28.73,30.21,30.66,29.53,29.7,30.9,31.31,31.73,31.44,31.88,31.93
16:55:00,33.54,32.38,32.58,32.53,32.74,32.49,32.57,31.67,30.93,30.75,31.12,31.64,31.15,30.45,31.12,31.11,30.21,29.72,29.91,30.87,31.97,30.66,30.08,29.03,27.95,27.67,27.61,28.25,28.03,27.61,27.6,27.33,27.12,28.16,28.73,30.21,30.66,29.53,29.7,30.9,31.31,31.71,31.44,31.88,31.95
17:00:00,32.17,32.37,32.57,32.5,32.71,32.47,32.56,31.66,30.92,30.73,31.11,31.64,31.14,30.45,31.12,31.11,30.2,29.73,29.9,30.87,31.96,30.66,30.08,29.03,27.94,27.67,27.61,28.25,28.03,27.61,27.6,27.33,27.12,28.16,28.73,30.21,30.66,29.52,29.7,30.9,31.31,31.7,31.43,31.87,31.94
17:05:00,31.95,32.36,32.56,32.46,32.67,32.46,32.54,31.65,30.91,30.72,31.11,31.63,31.13,30.45,31.12,31.11,30.2,29.72,29.9,30.88,31.96,30.66,30.08,29.02,27.93,27.67,27.61,28.25,28.03,27.61,27.6,27.33,27.13,28.16,28.73,30.21,30.64,29.51,29.7,30.9,31.31,31.7,31.42,31.86,31.93
17:10:00,32,32.34,32.54,32.47,32.66,32.44,32.52,31.64,30.9,30.72,31.11,31.62,31.12,30.44,31.12,31.11,30.19,29.72,29.9,30.88,31.96,30.66,30.08,29.02,27.93,27.67,27.61,28.25,28.02,27.61,27.6,27.33,27.12,28.16,28.72,30.2,30.64,29.51,29.7,30.89,31.31,31.69,31.42,31.85,31.92
17:15:00,31.99,32.33,32.52,32.46,32.64,32.43,32.51,31.65,30.89,30.72,31.11,31.62,31.12,30.44,31.12,31.11,30.19,29.72,29.91,30.88,31.97,30.66,30.08,29.02,27.93,27.67,27.61,28.25,28.02,27.6,27.6,27.33,27.12,28.17,28.71,30.19,30.63,29.51,29.69,30.89,31.3,31.68,31.41,31.85,31.92
17:20:00,31.98,32.32,32.51,32.44,32.63,32.42,32.5,31.64,30.89,30.71,31.11,31.61,31.12,30.44,31.12,31.11,30.19,29.72,29.91,30.88,31.97,30.66,30.07,29.01,27.93,27.67,27.6,28.25,28.02,27.6,27.6,27.32,27.12,28.17,28.71,30.18,30.63,29.51,29.69,30.89,31.29,31.67,31.41,31.82,31.91
17:25:00,31.97,32.3,32.5,32.44,32.62,32.41,32.49,31.63,30.89,30.7,31.11,31.61,31.12,30.44,31.12,31.11,30.18,29.72,29.92,30.88,31.97,30.66,30.08,29.01,27.93,27.67,27.6,28.25,28.01,27.6,27.6,27.33,27.12,28.17,28.71,30.18,30.63,29.51,29.69,30.89,31.28,31.66,31.41,31.82,31.91
17:30:00,31.97,32.3,32.49,32.43,32.61,32.4,32.48,31.62,30.88,30.7,31.11,31.6,31.11,30.43,31.12,31.11,30.18,29.72,29.92,30.88,31.97,30.65,30.08,29.01,27.93,27.67,27.6,28.25,28.01,27.6,27.6,27.33,27.12,28.17,28.7,30.18,30.62,29.5,29.68,30.88,31.28,31.67,31.41,31.8,31.9
17:35:00,31.96,32.29,32.49,32.42,32.6,32.38,32.47,31.6,30.87,30.68,31.11,31.59,31.11,30.42,31.12,31.1,30.17,29.72,29.92,30.88,31.97,30.63,30.08,29.01,27.93,27.67,27.6,28.25,28.01,27.6,27.6,27.32,27.12,28.18,28.7,30.18,30.61,29.5,29.67,30.88,31.26,31.66,31.39,31.79,31.9
17:40:00,31.95,32.28,32.47,32.42,32.58,32.38,32.44,31.58,30.86,30.68,31.11,31.58,31.11,30.41,31.12,31.1,30.17,29.72,29.92,30.88,31.96,30.63,30.07,29.01,27.93,27.67,27.6,28.26,28.01,27.59,27.6,27.32,27.12,28.18,28.7,30.18,30.61,29.5,29.67,30.88,31.26,31.65,31.38,31.79,31.89
17:45:00,31.94,32.28,32.46,32.41,32.55,32.36,32.43,31.58,30.85,30.67,31.11,31.56,31.11,30.4,31.12,31.1,30.17,29.71,29.92,30.88,31.95,30.62,30.07,29,27.92,27.67,27.6,28.25,28.01,27.58,27.6,27.32,27.12,28.17,28.69,30.18,30.61,29.5,29.66,30.87,31.25,31.64,31.37,31.78,31.88
17:50:00,31.91,32.26,32.44,32.39,32.54,32.35,32.41,31.57,30.84,30.67,31.11,31.56,31.11,30.39,31.12,31.1,30.16,29.71,29.92,30.88,31.95,30.62,30.07,29,27.92,27.67,27.6,28.25,28.01,27.58,27.6,27.31,27.12,28.17,28.69,30.17,30.6,29.49,29.66,30.86,31.24,31.63,31.36,31.77,31.87
17:55:00,31.89,32.25,32.42,32.38,32.52,32.33,32.39,31.57,30.83,30.67,31.11,31.55,31.11,30.39,31.12,31.1,30.15,29.7,29.92,30.88,31.93,30.62,30.07,29,27.92,27.67,27.6,28.25,28,27.58,27.6,27.31,27.12,28.17,28.68,30.16,30.6,29.48,29.65,30.85,31.24,31.63,31.35,31.76,31.87
18:00:00,31.88,32.24,32.39,32.37,32.51,32.33,32.38,31.56,30.82,30.66,31.11,31.55,31.11,30.39,31.12,31.1,30.14,29.7,29.92,30.87,31.92,30.61,30.07,29,27.92,27.67,27.6,28.25,28,27.58,27.6,27.32,27.12,28.17,28.68,30.15,30.59,29.48,29.65,30.84,31.23,31.6,31.34,31.76,31.86
18:05:00,31.87,32.22,32.38,32.35,32.5,32.32,32.37,31.55,30.82,30.66,31.11,31.54,31.11,30.39,31.12,31.1,30.13,29.7,29.92,30.86,31.92,30.61,30.06,28.99,27.92,27.67,27.6,28.25,28,27.58,27.6,27.32,27.12,28.17,28.68,30.15,30.58,29.46,29.64,30.83,31.22,31.59,31.33,31.75,31.85
18:10:00,31.87,32.21,32.35,32.34,32.49,32.31,32.35,31.55,30.81,30.64,31.11,31.54,31.11,30.37,31.12,31.1,30.13,29.7,29.92,30.85,31.91,30.6,30.05,28.99,27.91,27.67,27.59,28.25,27.99,27.58,27.6,27.32,27.12,28.17,28.67,30.15,30.58,29.46,29.63,30.83,31.22,31.59,31.33,31.75,31.85
18:15:00,31.86,32.2,32.33,32.33,32.47,32.3,32.33,31.53,30.8,30.63,31.11,31.52,31.11,30.37,31.12,31.1,30.13,29.69,29.92,30.85,31.9,30.6,30.05,28.99,27.91,27.67,27.59,28.25,27.99,27.58,27.6,27.31,27.12,28.16,28.67,30.15,30.57,29.45,29.62,30.82,31.21,31.58,31.32,31.74,31.84
18:20:00,31.85,32.18,32.31,32.32,32.45,32.29,32.32,31.51,30.78,30.61,31.11,31.52,31.11,30.36,31.12,31.1,30.11,29.69,29.92,30.84,31.89,30.59,30.04,28.98,27.91,27.67,27.59,28.25,27.98,27.57,27.6,27.31,27.12,28.16,28.66,30.15,30.56,29.44,29.62,30.8,31.2,31.57,31.32,31.74,31.83
18:25:00,31.84,32.17,32.29,32.3,32.44,32.28,32.3,31.5,30.78,30.61,31.11,31.5,31.11,30.35,31.12,31.09,30.1,29.68,29.91,30.83,31.88,30.59,30.04,28.98,27.91,27.67,27.59,28.25,27.98,27.57,27.6,27.31,27.11,28.15,28.66,30.14,30.56,29.44,29.61,30.8,31.2,31.55,31.31,31.73,31.81
18:30:00,31.82,32.17,32.28,32.29,32.43,32.28,32.29,31.48,30.77,30.61,31.11,31.49,31.1,30.34,31.11,31.09,30.09,29.67,29.91,30.82,31.87,30.58,30.03,28.97,27.9,27.67,27.59,28.25,27.98,27.57,27.59,27.31,27.11,28.14,28.65,30.13,30.56,29.43,29.61,30.79,31.19,31.55,31.31,31.72,31.8
18:35:00,31.81,32.16,32.27,32.28,32.41,32.25,32.28,31.47,30.77,30.6,31.1,31.48,31.1,30.34,31.12,31.09,30.08,29.66,29.91,30.82,31.87,30.58,30.02,28.97,27.9,27.67,27.59,28.25,27.98,27.57,27.59,27.31,27.1,28.14,28.65,30.12,30.56,29.43,29.6,30.79,31.18,31.54,31.29,31.71,31.79
18:40:00,31.79,32.13,32.24,32.27,32.4,32.24,32.27,31.47,30.75,30.6,31.1,31.47,31.1,30.34,31.12,31.09,30.07,29.65,29.89,30.82,31.86,30.57,30.02,28.96,27.89,27.67,27.58,28.25,27.98,27.57,27.59,27.31,27.09,28.14,28.65,30.12,30.55,29.42,29.6,30.78,31.16,31.53,31.28,31.7,31.79
18:45:00,31.79,32.12,32.2,32.24,32.38,32.22,32.26,31.46,30.73,30.59,31.1,31.47,31.1,30.32,31.11,31.09,30.06,29.64,29.89,30.8,31.85,30.57,30.02,28.96,27.89,27.67,27.58,28.24,27.97,27.57,27.59,27.31,27.09,28.13,28.65,30.11,30.49,29.42,29.59,30.77,31.15,31.52,31.26,31.69,31.78
18:50:00,31.77,32.11,32.18,32.23,32.38,32.22,32.24,31.44,30.73,30.57,31.1,31.46,31.1,30.3,31.11,31.09,30.05,29.64,29.88,30.8,31.83,30.56,30.01,28.95,27.89,27.67,27.58,28.24,27.95,27.57,27.59,27.31,27.09,28.13,28.64,30.1,30.45,29.41,29.59,30.76,31.14,31.52,31.26,31.68,31.78
18:55:00,31.77,32.1,32.16,32.22,32.35,32.2,32.22,31.43,30.72,30.56,31.1,31.45,31.1,30.28,31.11,31.09,30.04,29.63,29.88,30.8,31.81,30.56,30,28.95,27.89,27.67,27.58,28.24,27.95,27.56,27.59,27.31,27.09,28.13,28.64,30.1,30.45,29.41,29.59,30.74,31.12,31.49,31.25,31.66,31.77
19:00:00,31.76,32.09,32.12,32.21,32.33,32.19,32.22,31.42,30.71,30.56,31.1,31.44,31.1,30.26,31.11,31.09,30.02,29.63,29.87,30.79,31.8,30.56,29.99,28.94,27.89,27.67,27.58,28.23,27.94,27.56,27.59,27.31,27.09,28.12,28.63,30.1,30.45,29.4,29.59,30.73,31.12,31.47,31.23,31.65,31.76
19:05:00,31.74,32.08,32.11,32.19,32.32,32.18,32.2,31.41,30.71,30.56,31.1,31.42,31.1,30.24,31.11,31.08,30.02,29.62,29.86,30.78,31.79,30.55,29.99,28.94,27.89,27.67,27.58,28.23,27.93,27.56,27.59,27.31,27.09,28.12,28.62,30.08,30.45,29.4,29.57,30.73,31.12,31.46,31.22,31.63,31.74
19:10:00,31.72,32.07,32.09,32.18,32.3,32.17,32.2,31.4,30.7,30.55,31.1,31.42,31.09,30.24,31.11,31.06,29.99,29.62,29.85,30.77,31.77,30.53,29.98,28.93,27.89,27.67,27.58,28.23,27.93,27.56,27.59,27.31,27.09,28.11,28.62,30.07,30.44,29.4,29.56,30.71,31.12,31.44,31.22,31.61,31.73
19:15:00,31.7,32.03,32.07,32.17,32.28,32.17,32.19,31.38,30.68,30.54,31.09,31.4,31.09,30.24,31.11,31.05,29.98,29.61,29.85,30.77,31.77,30.53,29.97,28.92,27.88,27.67,27.58,28.23,27.92,27.56,27.59,27.31,27.08,28.11,28.61,30.07,30.42,29.4,29.55,30.7,31.12,31.44,31.21,31.59,31.71
19:20:00,31.69,32.01,32.03,32.16,32.25,32.16,32.17,31.36,30.67,30.53,31.09,31.39,31.09,30.23,31.11,31.04,29.98,29.6,29.84,30.76,31.76,30.52,29.97,28.91,27.88,27.67,27.57,28.22,27.92,27.55,27.59,27.31,27.08,28.11,28.6,30.06,30.4,29.39,29.54,30.7,31.12,31.42,31.2,31.58,31.7
19:25:00,31.68,32,32.01,32.14,32.25,32.14,32.17,31.35,30.66,30.52,31.09,31.37,31.09,30.23,31.11,31.03,29.97,29.6,29.84,30.75,31.74,30.51,29.96,28.9,27.88,27.67,27.57,28.22,27.92,27.55,27.59,27.31,27.08,28.11,28.6,30.05,30.4,29.39,29.54,30.69,31.11,31.41,31.19,31.56,31.69
19:30:00,31.66,31.99,31.99,32.11,32.23,32.12,32.14,31.34,30.66,30.51,31.09,31.36,31.09,30.21,31.11,31.01,29.95,29.59,29.83,30.74,31.74,30.5,29.96,28.89,27.88,27.67,27.57,28.22,27.91,27.55,27.58,27.3,27.08,28.11,28.59,30.03,30.4,29.38,29.54,30.68,31.11,31.39,31.17,31.55,31.69
19:35:00,31.64,31.98,31.98,32.1,32.21,32.11,32.13,31.33,30.64,30.5,31.09,31.34,31.08,30.2,31.11,31,29.94,29.59,29.83,30.73,31.73,30.5,29.95,28.89,27.88,27.67,27.57,28.22,27.9,27.55,27.58,27.3,27.07,28.11,28.58,30.02,30.4,29.38,29.53,30.67,31.11,31.38,31.16,31.55,31.67
19:40:00,31.63,31.97,31.96,32.08,32.19,32.1,32.12,31.32,30.63,30.49,31.09,31.34,31.08,30.19,31.1,30.99,29.93,29.58,29.82,30.72,31.72,30.49,29.94,28.89,27.87,27.67,27.58,28.21,27.9,27.55,27.57,27.3,27.07,28.1,28.58,30.02,30.39,29.37,29.53,30.66,31.11,31.36,31.15,31.55,31.66
19:45:00,31.6,31.95,31.93,32.07,32.18,32.08,32.12,31.31,30.62,30.48,31.09,31.33,31.07,30.18,31.1,30.98,29.93,29.57,29.82,30.72,31.7,30.48,29.94,28.88,27.87,27.67,27.57,28.21,27.9,27.55,27.57,27.3,27.07,28.1,28.57,29.99,30.38,29.37,29.52,30.66,31.11,31.35,31.14,31.54,31.65
19:50:00,31.59,31.94,31.9,32.06,32.17,32.07,32.11,31.29,30.61,30.48,31.08,31.32,31.06,30.18,31.1,30.96,29.92,29.57,29.81,30.71,31.69,30.47,29.93,28.87,27.87,27.67,27.57,28.21,27.9,27.55,27.56,27.3,27.06,28.1,28.57,29.98,30.37,29.37,29.51,30.65,31.11,31.33,31.13,31.53,31.64
19:55:00,31.58,31.92,31.89,32.03,32.14,32.06,32.09,31.28,30.61,30.46,31.08,31.31,31.04,30.18,31.1,30.95,29.91,29.56,29.81,30.7,31.68,30.47,29.93,28.87,27.87,27.67,27.57,28.21,27.89,27.54,27.56,27.3,27.06,28.09,28.57,29.98,30.36,29.36,29.51,30.63,31.11,31.32,31.12,31.52,31.63
20:00:00,31.55,31.9,31.86,32.01,32.13,32.03,32.08,31.26,30.6,30.46,31.08,31.31,31.03,30.17,31.1,30.94,29.89,29.55,29.8,30.7,31.66,30.46,29.92,28.86,27.87,27.67,27.57,28.21,27.89,27.54,27.57,27.29,27.06,28.09,28.56,29.96,30.36,29.35,29.5,30.62,31.11,31.31,31.12,31.5,31.62
20:05:00,31.55,31.89,31.85,31.99,32.11,32.02,32.07,31.25,30.59,30.45,31.06,31.29,31.02,30.16,31.1,30.93,29.88,29.54,29.8,30.69,31.66,30.45,29.92,28.86,27.87,27.67,27.57,28.21,27.89,27.54,27.57,27.29,27.06,28.09,28.56,29.95,30.36,29.35,29.49,30.62,31.1,31.31,31.12,31.49,31.6
20:10:00,31.53,31.87,31.82,31.98,32.09,32.01,32.06,31.23,30.58,30.45,31.06,31.27,31.01,30.15,31.1,30.91,29.87,29.54,29.79,30.68,31.65,30.45,29.91,28.85,27.87,27.67,27.57,28.21,27.88,27.54,27.56,27.29,27.06,28.08,28.55,29.94,30.35,29.34,29.49,30.62,31.1,31.27,31.12,31.48,31.58
20:15:00,31.51,31.85,31.79,31.97,32.08,32,32.06,31.23,30.57,30.44,31.04,31.26,31.01,30.13,31.1,30.9,29.86,29.54,29.78,30.67,31.64,30.45,29.91,28.85,27.87,27.67,27.57,28.21,27.88,27.53,27.56,27.3,27.06,28.08,28.54,29.92,30.35,29.33,29.48,30.61,31.1,31.26,31.12,31.47,31.57
20:20:00,31.49,31.85,31.78,31.95,32.07,31.98,32.03,31.22,30.57,30.43,31.04,31.25,31,30.13,31.1,30.89,29.86,29.53,29.77,30.67,31.63,30.42,29.89,28.84,27.86,27.67,27.57,28.21,27.88,27.53,27.56,27.3,27.05,28.08,28.54,29.92,30.34,29.33,29.48,30.61,31.1,31.25,31.12,31.47,31.55
20:25:00,31.47,31.84,31.77,31.95,32.06,31.96,32.01,31.2,30.56,30.42,31.04,31.24,30.99,30.13,31.1,30.88,29.84,29.53,29.76,30.67,31.61,30.42,29.88,28.84,27.85,27.67,27.57,28.2,27.87,27.53,27.56,27.3,27.05,28.08,28.54,29.91,30.34,29.32,29.48,30.6,31.1,31.24,31.12,31.46,31.54
20:30:00,31.45,31.82,31.74,31.92,32.03,31.96,32,31.2,30.55,30.42,31.03,31.24,30.99,30.13,31.1,30.88,29.83,29.53,29.76,30.66,31.59,30.41,29.88,28.84,27.85,27.67,27.57,28.2,27.87,27.52,27.56,27.3,27.05,28.07,28.53,29.91,30.32,29.32,29.46,30.6,31.1,31.22,31.12,31.44,31.54
20:35:00,31.44,31.81,31.73,31.9,32.02,31.95,31.99,31.18,30.54,30.41,31.01,31.22,30.99,30.11,31.09,30.86,29.82,29.52,29.75,30.66,31.58,30.4,29.87,28.82,27.85,27.67,27.57,28.2,27.87,27.52,27.55,27.3,27.05,28.06,28.53,29.89,30.31,29.32,29.46,30.59,31.1,31.22,31.11,31.43,31.52
20:40:00,31.43,31.79,31.7,31.88,32,31.93,31.98,31.17,30.52,30.4,31,31.22,30.96,30.1,31.09,30.85,29.82,29.52,29.75,30.64,31.57,30.4,29.86,28.8,27.84,27.67,27.57,28.2,27.87,27.52,27.55,27.3,27.05,28.06,28.53,29.87,30.3,29.31,29.45,30.59,31.1,31.2,31.11,31.42,31.51
20:45:00,31.42,31.77,31.68,31.87,32,31.92,31.98,31.15,30.52,30.39,30.99,31.22,30.95,30.09,31.09,30.83,29.81,29.51,29.74,30.64,31.56,30.39,29.86,28.8,27.84,27.67,27.57,28.2,27.85,27.52,27.56,27.3,27.05,28.06,28.52,29.86,30.3,29.31,29.45,30.58,31.1,31.2,31.11,31.41,31.49
20:50:00,31.41,31.77,31.67,31.86,31.98,31.9,31.96,31.13,30.51,30.37,30.99,31.21,30.93,30.08,31.09,30.82,29.81,29.51,29.74,30.63,31.55,30.39,29.85,28.79,27.84,27.67,27.57,28.2,27.84,27.52,27.55,27.3,27.05,28.05,28.52,29.85,30.29,29.3,29.44,30.58,31.1,31.17,31.11,31.39,31.48
20:55:00,31.38,31.76,31.65,31.85,31.97,31.9,31.95,31.13,30.5,30.37,30.98,31.2,30.93,30.07,31.09,30.81,29.8,29.5,29.73,30.62,31.55,30.38,29.85,28.79,27.84,27.67,27.57,28.2,27.84,27.52,27.55,27.3,27.05,28.05,28.51,29.84,30.28,29.3,29.44,30.57,31.1,31.16,31.11,31.38,31.47
21:00:00,31.37,31.75,31.64,31.84,31.96,31.88,31.95,31.12,30.5,30.36,30.98,31.18,30.92,30.07,31.09,30.8,29.77,29.5,29.73,30.62,31.54,30.37,29.84,28.78,27.84,27.67,27.57,28.2,27.83,27.52,27.55,27.3,27.05,28.05,28.51,29.83,30.28,29.29,29.43,30.57,31.09,31.15,31.11,31.37,31.47
21:05:00,31.36,31.74,31.63,31.82,31.95,31.87,31.93,31.12,30.49,30.36,30.97,31.17,30.91,30.06,31.09,30.78,29.75,29.5,29.72,30.61,31.53,30.36,29.83,28.78,27.83,27.67,27.56,28.2,27.82,27.52,27.55,27.3,27.05,28.05,28.49,29.84,30.27,29.28,29.43,30.56,31.09,31.15,31.11,31.37,31.45
21:10:00,31.35,31.71,31.6,31.8,31.92,31.86,31.91,31.12,30.48,30.36,30.96,31.17,30.9,30.05,31.09,30.78,29.75,29.49,29.72,30.61,31.52,30.36,29.83,28.78,27.83,27.67,27.56,28.19,27.82,27.52,27.55,27.3,27.04,28.04,28.48,29.82,30.26,29.28,29.42,30.56,31.09,31.14,31.11,31.35,31.44
21:15:00,31.33,31.71,31.59,31.79,31.91,31.85,31.89,31.12,30.47,30.35,30.94,31.15,30.89,30.04,31.09,30.77,29.75,29.49,29.72,30.6,31.51,30.35,29.82,28.78,27.83,27.67,27.56,28.19,27.82,27.52,27.55,27.3,27.04,28.04,28.48,29.81,30.26,29.27,29.42,30.56,31.09,31.13,31.1,31.34,31.43
21:20:00,31.33,31.69,31.57,31.78,31.9,31.83,31.87,31.12,30.46,30.34,30.93,31.15,30.88,30.04,31.08,30.75,29.73,29.48,29.71,30.6,31.49,30.34,29.82,28.78,27.83,27.67,27.56,28.19,27.82,27.52,27.55,27.3,27.04,28.04,28.47,29.81,30.25,29.27,29.41,30.56,31.09,31.12,31.1,31.34,31.42
21:25:00,31.31,31.69,31.56,31.77,31.87,31.82,31.86,31.12,30.46,30.34,30.93,31.14,30.88,30.02,31.08,30.74,29.72,29.48,29.71,30.59,31.48,30.34,29.82,28.77,27.82,27.67,27.56,28.19,27.82,27.52,27.55,27.3,27.04,28.03,28.47,29.8,30.24,29.26,29.4,30.55,31.09,31.12,31.1,31.33,31.41
21:30:00,31.31,31.69,31.55,31.75,31.86,31.81,31.85,31.12,30.45,30.34,30.93,31.12,30.88,30.02,31.07,30.73,29.71,29.48,29.71,30.58,31.47,30.33,29.81,28.76,27.82,27.67,27.56,28.19,27.81,27.51,27.55,27.3,27.04,28.03,28.47,29.79,30.24,29.26,29.4,30.54,31.09,31.12,31.1,31.32,31.39
21:35:00,31.29,31.68,31.54,31.74,31.87,31.79,31.84,31.12,30.45,30.34,30.92,31.12,30.88,30.02,31.06,30.72,29.7,29.48,29.7,30.58,31.46,30.33,29.81,28.75,27.82,27.67,27.56,28.19,27.8,27.51,27.55,27.3,27.04,28.03,28.46,29.78,30.23,29.24,29.39,30.53,31.09,31.12,31.1,31.32,31.4
21:40:00,31.28,31.66,31.53,31.72,31.85,31.79,31.82,31.11,30.44,30.32,30.91,31.12,30.88,30.02,31.05,30.72,29.7,29.48,29.7,30.57,31.46,30.32,29.81,28.75,27.82,27.67,27.56,28.19,27.8,27.51,27.55,27.3,27.03,28.03,28.46,29.78,30.23,29.24,29.38,30.53,31.08,31.12,31.1,31.31,31.38
21:45:00,31.26,31.64,31.52,31.71,31.84,31.78,31.8,31.11,30.44,30.31,30.9,31.12,30.85,30.02,31.05,30.71,29.68,29.47,29.69,30.56,31.45,30.31,29.81,28.76,27.82,27.67,27.56,28.18,27.8,27.51,27.55,27.3,27.03,28.03,28.46,29.77,30.22,29.22,29.38,30.52,31.08,31.12,31.1,31.31,31.38
21:50:00,31.26,31.64,31.5,31.69,31.82,31.77,31.79,31.11,30.42,30.3,30.9,31.12,30.84,30,31.04,30.7,29.67,29.46,29.69,30.56,31.45,30.31,29.81,28.76,27.81,27.67,27.56,28.18,27.8,27.51,27.55,27.3,27.03,28.02,28.45,29.77,30.2,29.22,29.38,30.52,31.06,31.12,31.1,31.3,31.37
21:55:00,31.25,31.65,31.48,31.69,31.8,31.76,31.78,31.11,30.42,30.3,30.9,31.12,30.84,29.98,31.04,30.69,29.66,29.45,29.68,30.56,31.44,30.29,29.8,28.75,27.81,27.67,27.55,28.18,27.79,27.51,27.55,27.3,27.03,28.02,28.45,29.76,30.19,29.21,29.37,30.51,31.06,31.12,31.1,31.28,31.37
22:00:00,31.24,31.64,31.47,31.68,31.79,31.75,31.77,31.11,30.41,30.29,30.89,31.12,30.83,29.98,31.04,30.68,29.65,29.45,29.68,30.56,31.43,30.28,29.8,28.75,27.81,27.67,27.55,28.17,27.78,27.49,27.55,27.3,27.03,28.02,28.44,29.75,30.18,29.21,29.37,30.51,31.05,31.11,31.1,31.27,31.36
22:05:00,31.23,31.63,31.47,31.67,31.8,31.74,31.76,31.11,30.4,30.29,30.89,31.12,30.84,29.97,31.03,30.67,29.64,29.45,29.67,30.55,31.42,30.28,29.78,28.75,27.81,27.67,27.55,28.17,27.78,27.49,27.55,27.3,27.03,28.01,28.44,29.75,30.18,29.21,29.37,30.5,31.04,31.11,31.1,31.26,31.35
22:10:00,31.22,31.6,31.46,31.66,31.78,31.74,31.75,31.11,30.39,30.29,30.88,31.12,30.83,29.97,31.03,30.67,29.63,29.45,29.67,30.55,31.42,30.27,29.78,28.74,27.81,27.67,27.55,28.17,27.78,27.49,27.54,27.3,27.03,28.01,28.44,29.74,30.18,29.2,29.35,30.5,31.04,31.11,31.1,31.25,31.34
22:15:00,31.22,31.59,31.45,31.66,31.78,31.73,31.74,31.11,30.39,30.28,30.88,31.12,30.82,29.97,31.02,30.66,29.62,29.44,29.66,30.54,31.42,30.26,29.78,28.74,27.8,27.67,27.55,28.16,27.78,27.49,27.54,27.3,27.03,28.01,28.43,29.73,30.17,29.19,29.34,30.49,31.03,31.11,31.1,31.25,31.33
22:20:00,31.21,31.58,31.44,31.65,31.76,31.72,31.74,31.11,30.38,30.27,30.86,31.12,30.81,29.96,31.01,30.66,29.62,29.43,29.66,30.54,31.41,30.26,29.77,28.74,27.8,27.67,27.55,28.16,27.78,27.49,27.54,27.3,27.02,28.01,28.43,29.73,30.16,29.19,29.33,30.48,31.02,31.11,31.1,31.24,31.33
22:25:00,31.21,31.58,31.43,31.64,31.75,31.72,31.71,31.11,30.38,30.26,30.85,31.11,30.8,29.95,31.01,30.64,29.61,29.43,29.66,30.53,31.4,30.26,29.77,28.74,27.8,27.67,27.55,28.16,27.77,27.49,27.54,27.3,27.02,28,28.43,29.72,30.15,29.18,29.33,30.48,31.02,31.11,31.1,31.23,31.33
22:30:00,31.2,31.57,31.42,31.63,31.74,31.71,31.7,31.11,30.37,30.26,30.85,31.11,30.79,29.94,31,30.63,29.6,29.43,29.66,30.52,31.39,30.26,29.77,28.74,27.8,27.67,27.55,28.15,27.77,27.49,27.54,27.3,27.02,28,28.42,29.71,30.14,29.17,29.32,30.47,31.01,31.11,31.1,31.22,31.32
22:35:00,31.18,31.56,31.42,31.62,31.74,31.69,31.69,31.11,30.36,30.26,30.84,31.11,30.8,29.94,31,30.63,29.6,29.43,29.65,30.52,31.38,30.25,29.75,28.73,27.79,27.67,27.55,28.15,27.76,27.49,27.53,27.3,27.02,28,28.42,29.71,30.14,29.17,29.31,30.47,31,31.1,31.09,31.22,31.31
22:40:00,31.18,31.55,31.41,31.6,31.73,31.68,31.68,31.1,30.35,30.25,30.83,31.11,30.79,29.93,30.99,30.62,29.59,29.42,29.65,30.52,31.38,30.25,29.73,28.73,27.79,27.67,27.55,28.14,27.76,27.49,27.53,27.3,27.02,28,28.41,29.7,30.13,29.16,29.3,30.47,30.99,31.1,31.09,31.21,31.3
22:45:00,31.17,31.54,31.39,31.59,31.71,31.67,31.67,31.1,30.35,30.25,30.83,31.11,30.78,29.93,30.99,30.61,29.58,29.4,29.65,30.51,31.37,30.25,29.72,28.73,27.79,27.67,27.54,28.14,27.76,27.49,27.53,27.3,27.01,28,28.41,29.7,30.13,29.16,29.29,30.47,30.99,31.1,31.09,31.2,31.29
22:50:00,31.17,31.54,31.38,31.58,31.69,31.66,31.66,31.1,30.35,30.24,30.82,31.11,30.77,29.92,30.98,30.6,29.56,29.37,29.64,30.5,31.36,30.25,29.71,28.73,27.78,27.67,27.55,28.14,27.75,27.49,27.53,27.29,27.01,27.99,28.4,29.69,30.12,29.16,29.28,30.46,30.98,31.1,31.09,31.2,31.28
22:55:00,31.15,31.53,31.37,31.57,31.69,31.66,31.65,31.1,30.34,30.24,30.81,31.11,30.77,29.91,30.98,30.59,29.55,29.32,29.64,30.5,31.36,30.24,29.69,28.73,27.78,27.67,27.54,28.14,27.74,27.49,27.53,27.3,27.01,27.99,28.4,29.69,30.11,29.13,29.28,30.46,30.96,31.1,31.09,31.17,31.27
23:00:00,31.14,31.52,31.36,31.56,31.68,31.65,31.64,31.1,30.34,30.24,30.8,31.11,30.75,29.91,30.97,30.58,29.54,29.32,29.64,30.5,31.36,30.24,29.67,28.73,27.78,27.67,27.54,28.14,27.73,27.49,27.52,27.29,27.01,27.99,28.38,29.68,30.1,29.13,29.28,30.45,30.96,31.1,31.09,31.17,31.26
23:05:00,31.13,31.5,31.35,31.55,31.67,31.64,31.63,31.1,30.31,30.23,30.8,31.11,30.75,29.91,30.96,30.58,29.54,29.34,29.63,30.5,31.35,30.24,29.66,28.73,27.78,27.67,27.53,28.13,27.73,27.48,27.52,27.29,27.01,27.98,28.38,29.67,30.09,29.13,29.27,30.45,30.95,31.1,31.09,31.16,31.26
23:10:00,31.13,31.5,31.34,31.55,31.66,31.63,31.62,31.1,30.3,30.23,30.79,31.11,30.74,29.91,30.96,30.57,29.53,29.37,29.63,30.49,31.35,30.24,29.66,28.71,27.78,27.67,27.53,28.13,27.73,27.48,27.52,27.29,27.01,27.98,28.38,29.66,30.09,29.12,29.27,30.45,30.95,31.1,31.09,31.15,31.25
23:15:00,31.12,31.49,31.33,31.54,31.65,31.63,31.6,31.1,30.3,30.23,30.79,31.11,30.73,29.9,30.95,30.56,29.52,29.36,29.62,30.49,31.34,30.23,29.66,28.71,27.77,27.67,27.53,28.13,27.72,27.48,27.52,27.29,27.01,27.98,28.37,29.65,30.08,29.11,29.25,30.45,30.94,31.1,31.09,31.13,31.25
23:20:00,31.12,31.48,31.33,31.53,31.64,31.61,31.59,31.09,30.3,30.21,30.78,31.11,30.72,29.88,30.95,30.55,29.51,29.33,29.62,30.48,31.33,30.23,29.65,28.7,27.77,27.67,27.53,28.13,27.71,27.48,27.53,27.29,27.01,27.98,28.37,29.65,30.07,29.11,29.24,30.44,30.93,31.09,31.09,31.12,31.24
23:25:00,31.12,31.47,31.32,31.52,31.63,31.61,31.58,31.09,30.29,30.2,30.77,31.1,30.71,29.87,30.94,30.53,29.5,29.32,29.62,30.48,31.33,30.23,29.66,28.7,27.77,27.67,27.52,28.13,27.71,27.47,27.53,27.29,27.01,27.98,28.36,29.64,30.07,29.1,29.23,30.43,30.93,31.09,31.08,31.12,31.23
23:30:00,31.12,31.46,31.31,31.52,31.63,31.59,31.57,31.09,30.29,30.2,30.77,31.1,30.7,29.87,30.93,30.51,29.5,29.33,29.61,30.48,31.33,30.23,29.67,28.7,27.77,27.67,27.52,28.13,27.71,27.47,27.53,27.29,27,27.98,28.36,29.64,30.06,29.1,29.22,30.42,30.92,31.09,31.08,31.12,31.23
23:35:00,31.12,31.45,31.31,31.5,31.61,31.58,31.56,31.09,30.28,30.19,30.75,31.1,30.7,29.86,30.93,30.51,29.49,29.33,29.61,30.48,31.32,30.23,29.66,28.69,27.77,27.67,27.52,28.13,27.71,27.47,27.53,27.29,27,27.96,28.35,29.63,30.05,29.1,29.22,30.42,30.91,31.09,31.07,31.12,31.22
23:40:00,31.12,31.45,31.28,31.49,31.6,31.58,31.55,31.09,30.26,30.18,30.74,31.1,30.69,29.86,30.93,30.5,29.48,29.34,29.6,30.47,31.31,30.23,29.65,28.69,27.77,27.67,27.52,28.12,27.7,27.47,27.53,27.29,26.99,27.96,28.35,29.62,30.04,29.1,29.21,30.41,30.9,31.09,31.06,31.12,31.22
23:45:00,31.12,31.44,31.27,31.47,31.59,31.57,31.55,31.09,30.26,30.18,30.73,31.1,30.68,29.85,30.92,30.5,29.46,29.34,29.6,30.47,31.31,30.22,29.64,28.68,27.77,27.67,27.52,28.12,27.7,27.47,27.53,27.29,26.99,27.95,28.34,29.62,30.04,29.09,29.21,30.41,30.9,31.08,31.05,31.12,31.21
23:50:00,31.12,31.43,31.26,31.47,31.58,31.56,31.54,31.09,30.26,30.18,30.72,31.1,30.68,29.85,30.92,30.48,29.45,29.33,29.59,30.46,31.3,30.21,29.64,28.68,27.77,27.67,27.52,28.12,27.69,27.47,27.53,27.28,26.99,27.95,28.33,29.62,30.04,29.08,29.2,30.4,30.89,31.07,31.05,31.12,31.2
23:55:00,31.12,31.43,31.26,31.46,31.57,31.55,31.53,31.08,30.25,30.17,30.72,31.1,30.67,29.84,30.91,30.47,29.44,29.32,29.59,30.46,31.29,30.21,29.64,28.68,27.76,27.67,27.52,28.12,27.69,27.47,27.53,27.28,26.99,27.95,28.33,29.61,30.03,29.08,29.19,30.4,30.88,31.06,31.04,31.12,31.19
